profile,quantum,seed,algorithm,mean_waiting,mean_turnaround,mean_response,mean_slowdown,p95_waiting,max_waiting,makespan,utilization,throughput,context_switches,dispatches
mixed,1,100,fcfs,85.6,94.52,85.6,32.618308663178226,171,175,226,0.9867256637168141,0.11061946902654868,24,25
mixed,1,100,sjf,41.56,50.48,41.56,11.342422871031568,133,142,226,0.9867256637168141,0.11061946902654868,24,25
mixed,1,100,srtf,22.04,30.96,15.12,2.1756743834135137,133,142,226,0.9867256637168141,0.11061946902654868,32,38
mixed,1,100,rr,47.12,56.04,5.16,6.938245871289349,166,169,226,0.9867256637168141,0.11061946902654868,217,223
mixed,1,100,priority,79.76,88.68,79.76,33.58432899789421,186,204,226,0.9867256637168141,0.11061946902654868,24,25
mixed,1,100,hrrn,41.96,50.88,41.96,11.822422871031568,133,142,226,0.9867256637168141,0.11061946902654868,24,25
mixed,1,101,fcfs,94.28,104.92,94.28,25.316067003769177,213,217,270,0.9851851851851852,0.09259259259259259,24,25
mixed,1,101,sjf,46.92,57.56,46.92,6.044127212794833,185,201,270,0.9851851851851852,0.09259259259259259,24,25
mixed,1,101,srtf,40.52,51.16,38.72,2.9009272127948327,185,201,270,0.9851851851851852,0.09259259259259259,29,35
mixed,1,101,rr,84.56,95.2,6.64,8.996677711368214,206,210,270,0.9851851851851852,0.09259259259259259,254,266
mixed,1,101,priority,93.52,104.16,93.52,26.87056077196386,208,224,270,0.9851851851851852,0.09259259259259259,24,25
mixed,1,101,hrrn,48.48,59.12,48.48,6.764006599413808,169,201,270,0.9851851851851852,0.09259259259259259,24,25
mixed,1,102,fcfs,94.08,105.2,94.08,29.345952347928378,235,237,285,0.9754385964912281,0.08771929824561403,23,25
mixed,1,102,sjf,39.88,51.0,39.88,3.2084974623898024,179,210,285,0.9754385964912281,0.08771929824561403,23,25
mixed,1,102,srtf,39.76,50.88,39.64,3.077830795723136,179,210,285,0.9754385964912281,0.08771929824561403,25,37
mixed,1,102,rr,78.76,89.88,6.72,8.750653844175066,212,213,285,0.9754385964912281,0.08771929824561403,274,278
mixed,1,102,priority,102.76,113.88,102.76,28.95116813537007,251,254,285,0.9754385964912281,0.08771929824561403,23,25
mixed,1,102,hrrn,40.8,51.92,40.8,3.7614671593594995,179,210,285,0.9754385964912281,0.08771929824561403,23,25
mixed,1,103,fcfs,49.2,56.68,49.2,17.07443243243243,141,143,198,0.9444444444444444,0.12626262626262627,20,25
mixed,1,103,sjf,14.76,22.24,14.76,2.5565096525096522,96,112,198,0.9444444444444444,0.12626262626262627,20,25
mixed,1,103,srtf,14.36,21.84,14.12,2.1245096525096527,96,112,198,0.9444444444444444,0.12626262626262627,21,33
mixed,1,103,rr,30.0,37.48,3.96,5.3811445731445735,121,124,198,0.9444444444444444,0.12626262626262627,168,187
mixed,1,103,priority,57.36,64.84,57.36,28.61576319176319,162,164,198,0.9444444444444444,0.12626262626262627,20,25
mixed,1,103,hrrn,32.72,40.2,32.72,10.536319176319175,88,112,198,0.9444444444444444,0.12626262626262627,20,25
mixed,1,104,fcfs,105.92,115.72,105.92,38.98701572708024,139,169,246,0.9959349593495935,0.1016260162601626,24,25
mixed,1,104,sjf,53.36,63.16,53.36,11.849731631130613,130,207,246,0.9959349593495935,0.1016260162601626,24,25
mixed,1,104,srtf,30.32,40.12,23.44,2.5815226764700445,170,207,246,0.9959349593495935,0.1016260162601626,26,35
mixed,1,104,rr,68.52,78.32,8.56,10.363355446653408,205,205,246,0.9959349593495935,0.1016260162601626,243,245
mixed,1,104,priority,119.12,128.92,119.12,46.36612691552929,203,225,246,0.9959349593495935,0.1016260162601626,24,25
mixed,1,104,hrrn,55.92,65.72,55.92,13.358343529327401,144,168,246,0.9959349593495935,0.1016260162601626,24,25
mixed,1,105,fcfs,173.12,192.8,173.12,28.21843836753078,388,415,496,0.9919354838709677,0.05040322580645161,24,25
mixed,1,105,sjf,127.28,146.96,127.28,6.679040557434998,389,428,496,0.9919354838709677,0.05040322580645161,24,25
mixed,1,105,srtf,125.04,144.72,124.24,5.059596112990554,389,428,496,0.9919354838709677,0.05040322580645161,27,39
mixed,1,105,rr,249.84,269.52,8.12,11.969761608404301,423,428,496,0.9919354838709677,0.05040322580645161,483,492
mixed,1,105,priority,187.68,207.36,187.68,33.077398320444146,408,419,496,0.9919354838709677,0.05040322580645161,24,25
mixed,1,105,hrrn,130.8,150.48,130.8,8.04769174704855,389,428,496,0.9919354838709677,0.05040322580645161,24,25
mixed,1,106,fcfs,111.52,123.12,111.52,37.76678607503607,241,245,294,0.9863945578231292,0.08503401360544217,24,25
mixed,1,106,sjf,51.0,62.6,51.0,5.597241702741703,194,244,294,0.9863945578231292,0.08503401360544217,24,25
mixed,1,106,srtf,44.68,56.28,42.96,2.847908369408369,194,244,294,0.9863945578231292,0.08503401360544217,28,37
mixed,1,106,rr,92.44,104.04,7.76,9.847438311688313,229,243,294,0.9863945578231292,0.08503401360544217,288,290
mixed,1,106,priority,129.84,141.44,129.84,44.49669408369408,263,279,294,0.9863945578231292,0.08503401360544217,24,25
mixed,1,106,hrrn,52.48,64.08,52.48,6.640612914862914,187,227,294,0.9863945578231292,0.08503401360544217,24,25
mixed,1,107,fcfs,120.52,135.36,120.52,23.010910223852857,290,290,371,1.0,0.0673854447439353,24,25
mixed,1,107,sjf,63.2,78.04,63.2,3.602672378454081,274,305,371,1.0,0.0673854447439353,24,25
mixed,1,107,srtf,63.2,78.04,63.2,3.602672378454081,274,305,371,1.0,0.0673854447439353,24,34
mixed,1,107,rr,127.6,142.44,8.4,10.241869859932502,305,310,371,1.0,0.0673854447439353,367,371
mixed,1,107,priority,166.88,181.72,166.88,36.195613981895036,312,345,371,1.0,0.0673854447439353,24,25
mixed,1,107,hrrn,65.92,80.76,65.92,4.71254102442799,255,305,371,1.0,0.0673854447439353,24,25
mixed,1,108,fcfs,152.72,164.76,152.72,51.785008217610645,208,232,302,0.9966887417218543,0.08278145695364239,24,25
mixed,1,108,sjf,59.08,71.12,59.08,8.340140198678942,219,248,302,0.9966887417218543,0.08278145695364239,24,25
mixed,1,108,srtf,47.48,59.52,37.44,2.995716669267176,219,248,302,0.9966887417218543,0.08278145695364239,34,42
mixed,1,108,rr,102.8,114.84,8.88,11.8163611795912,249,255,302,0.9966887417218543,0.08278145695364239,296,301
mixed,1,108,priority,130.52,142.56,130.52,51.34310914859312,254,286,302,0.9966887417218543,0.08278145695364239,24,25
mixed,1,108,hrrn,60.96,73.0,60.96,9.318919103344255,219,248,302,0.9966887417218543,0.08278145695364239,24,25
mixed,1,109,fcfs,71.56,78.64,71.56,25.8,122,123,178,0.9943820224719101,0.1404494382022472,24,25
mixed,1,109,sjf,21.2,28.28,21.2,3.3874285714285715,113,117,178,0.9943820224719101,0.1404494382022472,24,25
mixed,1,109,srtf,20.76,27.84,20.32,2.858095238095238,113,117,178,0.9943820224719101,0.1404494382022472,29,37
mixed,1,109,rr,47.4,54.48,7.48,9.30352380952381,121,135,178,0.9943820224719101,0.1404494382022472,163,177
mixed,1,109,priority,73.4,80.48,73.4,27.863777777777777,150,173,178,0.9943820224719101,0.1404494382022472,24,25
mixed,1,109,hrrn,40.32,47.4,40.32,10.869333333333334,95,117,178,0.9943820224719101,0.1404494382022472,24,25
mixed,1,110,fcfs,95.76,105.56,95.76,30.57980294117647,198,201,248,0.9879032258064516,0.10080645161290322,23,25
mixed,1,110,sjf,38.76,48.56,38.76,6.243173202614379,155,181,248,0.9879032258064516,0.10080645161290322,23,25
mixed,1,110,srtf,26.72,36.52,21.12,2.0085176470588233,155,181,248,0.9879032258064516,0.10080645161290322,27,33
mixed,1,110,rr,59.2,69.0,5.56,7.48598431372549,182,188,248,0.9879032258064516,0.10080645161290322,236,245
mixed,1,110,priority,115.76,125.56,115.76,47.37027581699346,207,209,248,0.9879032258064516,0.10080645161290322,23,25
mixed,1,110,hrrn,43.84,53.64,43.84,9.609165032679739,150,181,248,0.9879032258064516,0.10080645161290322,23,25
mixed,1,111,fcfs,159.0,173.76,159.0,50.67848656242205,282,285,372,0.9919354838709677,0.06720430107526881,24,25
mixed,1,111,sjf,77.12,91.88,77.12,7.119570459647878,249,285,372,0.9919354838709677,0.06720430107526881,24,25
mixed,1,111,srtf,64.12,78.88,55.28,3.3700653668911738,249,285,372,0.9919354838709677,0.06720430107526881,26,36
mixed,1,111,rr,133.24,148.0,8.88,11.301539023461606,298,298,372,0.9919354838709677,0.06720430107526881,364,369
mixed,1,111,priority,162.44,177.2,162.44,53.7860215211312,307,328,372,0.9919354838709677,0.06720430107526881,24,25
mixed,1,111,hrrn,78.2,92.96,78.2,7.873589507266927,249,285,372,0.9919354838709677,0.06720430107526881,24,25
mixed,1,112,fcfs,24.96,29.68,24.96,16.350469208211145,69,70,122,0.9672131147540983,0.20491803278688525,23,25
mixed,1,112,sjf,5.2,9.92,5.2,2.1987839687194524,17,59,122,0.9672131147540983,0.20491803278688525,23,25
mixed,1,112,srtf,4.88,9.6,4.64,1.7507839687194526,17,59,122,0.9672131147540983,0.20491803278688525,26,37
mixed,1,112,rr,10.44,15.16,2.36,3.6149403714565005,50,57,122,0.9672131147540983,0.20491803278688525,112,118
mixed,1,112,priority,24.8,29.52,24.8,16.285411534701858,74,77,122,0.9672131147540983,0.20491803278688525,23,25
mixed,1,112,hrrn,14.44,19.16,14.44,8.441304007820136,43,50,122,0.9672131147540983,0.20491803278688525,23,25
mixed,1,113,fcfs,75.36,83.32,75.36,31.807362573099418,119,149,200,0.995,0.125,24,25
mixed,1,113,sjf,20.96,28.92,20.96,2.7105321637426902,101,138,200,0.995,0.125,24,25
mixed,1,113,srtf,20.88,28.84,20.76,2.59653216374269,101,138,200,0.995,0.125,26,36
mixed,1,113,rr,48.68,56.64,8.08,9.880666666666666,136,137,200,0.995,0.125,198,199
mixed,1,113,priority,77.88,85.84,77.88,31.490964912280702,135,144,200,0.995,0.125,24,25
mixed,1,113,hrrn,31.52,39.48,31.52,7.3224912280701755,102,120,200,0.995,0.125,24,25
mixed,1,114,fcfs,41.16,45.36,41.16,22.739333333333335,64,65,107,0.9813084112149533,0.2336448598130841,24,25
mixed,1,114,sjf,10.6,14.8,10.6,3.3136666666666668,36,57,107,0.9813084112149533,0.2336448598130841,24,25
mixed,1,114,srtf,10.52,14.72,10.44,3.1803333333333335,36,57,107,0.9813084112149533,0.2336448598130841,26,38
mixed,1,114,rr,21.72,25.92,6.52,8.415666666666667,47,57,107,0.9813084112149533,0.2336448598130841,71,105
mixed,1,114,priority,46.72,50.92,46.72,23.814,85,87,107,0.9813084112149533,0.2336448598130841,24,25
mixed,1,114,hrrn,12.6,16.8,12.6,5.024333333333334,32,57,107,0.9813084112149533,0.2336448598130841,24,25
mixed,1,115,fcfs,113.32,124.16,113.32,30.599122777767658,204,224,277,0.9783393501805054,0.09025270758122744,23,25
mixed,1,115,sjf,52.0,62.84,52.0,7.4278727997263765,191,223,277,0.9783393501805054,0.09025270758122744,23,25
mixed,1,115,srtf,39.68,50.52,33.16,2.9260339710468743,191,223,277,0.9783393501805054,0.09025270758122744,25,37
mixed,1,115,rr,85.24,96.08,7.24,9.558707447546999,223,224,277,0.9783393501805054,0.09025270758122744,266,271
mixed,1,115,priority,117.4,128.24,117.4,39.333099331928786,250,250,277,0.9783393501805054,0.09025270758122744,23,25
mixed,1,115,hrrn,53.16,64.0,53.16,8.135363445312674,191,223,277,0.9783393501805054,0.09025270758122744,23,25
mixed,1,116,fcfs,142.08,156.32,142.08,27.193014903350104,283,283,357,0.9971988795518207,0.0700280112044818,24,25
mixed,1,116,sjf,71.72,85.96,71.72,4.58168156144105,264,277,357,0.9971988795518207,0.0700280112044818,24,25
mixed,1,116,srtf,70.72,84.96,68.68,4.032848228107717,264,277,357,0.9971988795518207,0.0700280112044818,27,41
mixed,1,116,rr,146.56,160.8,9.52,12.850342077047907,286,296,357,0.9971988795518207,0.0700280112044818,351,356
mixed,1,116,priority,177.88,192.12,177.88,36.07390561192794,318,320,357,0.9971988795518207,0.0700280112044818,24,25
mixed,1,116,hrrn,73.0,87.24,73.0,5.0717977811089945,264,277,357,0.9971988795518207,0.0700280112044818,24,25
mixed,1,117,fcfs,104.36,113.0,104.36,46.203809523809525,165,168,216,1.0,0.11574074074074074,24,25
mixed,1,117,sjf,35.56,44.2,35.56,8.098581453634086,109,164,216,1.0,0.11574074074074074,24,25
mixed,1,117,srtf,21.4,30.04,18.12,2.126606516290727,109,164,216,1.0,0.11574074074074074,29,40
mixed,1,117,rr,51.48,60.12,7.8,9.38719298245614,164,164,216,1.0,0.11574074074074074,214,216
mixed,1,117,priority,80.64,89.28,80.64,37.292646616541354,163,171,216,1.0,0.11574074074074074,24,25
mixed,1,117,hrrn,42.72,51.36,42.72,10.796947368421051,129,147,216,1.0,0.11574074074074074,24,25
mixed,1,118,fcfs,111.16,122.64,111.16,38.96799596788548,231,233,287,1.0,0.08710801393728224,24,25
mixed,1,118,sjf,54.28,65.76,54.28,8.43560234956859,193,200,287,1.0,0.08710801393728224,24,25
mixed,1,118,srtf,41.88,53.36,33.64,2.712743700970811,193,200,287,1.0,0.08710801393728224,29,37
mixed,1,118,rr,88.32,99.8,6.68,8.917897257729482,223,227,287,1.0,0.08710801393728224,276,287
mixed,1,118,priority,122.44,133.92,122.44,49.285454720215846,237,245,287,1.0,0.08710801393728224,24,25
mixed,1,118,hrrn,55.84,67.32,55.84,9.402069430313931,193,200,287,1.0,0.08710801393728224,24,25
mixed,1,119,fcfs,86.0,93.76,86.0,34.560257181415075,141,142,195,0.9948717948717949,0.1282051282051282,24,25
mixed,1,119,sjf,28.32,36.08,28.32,4.709132060921535,103,146,195,0.9948717948717949,0.1282051282051282,24,25
mixed,1,119,srtf,21.72,29.48,19.24,2.7544653942548676,103,146,195,0.9948717948717949,0.1282051282051282,27,37
mixed,1,119,rr,50.68,58.44,8.12,10.116705995758627,135,146,195,0.9948717948717949,0.1282051282051282,187,194
mixed,1,119,priority,79.04,86.8,79.04,28.998340852130326,160,160,195,0.9948717948717949,0.1282051282051282,24,25
mixed,1,119,hrrn,30.44,38.2,30.44,6.207798727588202,103,146,195,0.9948717948717949,0.1282051282051282,24,25
mixed,3,100,fcfs,85.6,94.52,85.6,32.618308663178226,171,175,226,0.9867256637168141,0.11061946902654868,24,25
mixed,3,100,sjf,41.56,50.48,41.56,11.342422871031568,133,142,226,0.9867256637168141,0.11061946902654868,24,25
mixed,3,100,srtf,22.04,30.96,15.12,2.1756743834135137,133,142,226,0.9867256637168141,0.11061946902654868,32,38
mixed,3,100,rr,49.64,58.56,14.12,8.679414759240847,163,168,226,0.9867256637168141,0.11061946902654868,80,83
mixed,3,100,priority,79.76,88.68,79.76,33.58432899789421,186,204,226,0.9867256637168141,0.11061946902654868,24,25
mixed,3,100,hrrn,41.96,50.88,41.96,11.822422871031568,133,142,226,0.9867256637168141,0.11061946902654868,24,25
mixed,3,101,fcfs,94.28,104.92,94.28,25.316067003769177,213,217,270,0.9851851851851852,0.09259259259259259,24,25
mixed,3,101,sjf,46.92,57.56,46.92,6.044127212794833,185,201,270,0.9851851851851852,0.09259259259259259,24,25
mixed,3,101,srtf,40.52,51.16,38.72,2.9009272127948327,185,201,270,0.9851851851851852,0.09259259259259259,29,35
mixed,3,101,rr,85.88,96.52,18.08,9.857882136132366,206,208,270,0.9851851851851852,0.09259259259259259,97,99
mixed,3,101,priority,93.52,104.16,93.52,26.87056077196386,208,224,270,0.9851851851851852,0.09259259259259259,24,25
mixed,3,101,hrrn,48.48,59.12,48.48,6.764006599413808,169,201,270,0.9851851851851852,0.09259259259259259,24,25
mixed,3,102,fcfs,94.08,105.2,94.08,29.345952347928378,235,237,285,0.9754385964912281,0.08771929824561403,23,25
mixed,3,102,sjf,39.88,51.0,39.88,3.2084974623898024,179,210,285,0.9754385964912281,0.08771929824561403,23,25
mixed,3,102,srtf,39.76,50.88,39.64,3.077830795723136,179,210,285,0.9754385964912281,0.08771929824561403,25,37
mixed,3,102,rr,79.12,90.24,17.6,9.625612111713979,213,213,285,0.9754385964912281,0.08771929824561403,101,103
mixed,3,102,priority,102.76,113.88,102.76,28.95116813537007,251,254,285,0.9754385964912281,0.08771929824561403,23,25
mixed,3,102,hrrn,40.8,51.92,40.8,3.7614671593594995,179,210,285,0.9754385964912281,0.08771929824561403,23,25
mixed,3,103,fcfs,49.2,56.68,49.2,17.07443243243243,141,143,198,0.9444444444444444,0.12626262626262627,20,25
mixed,3,103,sjf,14.76,22.24,14.76,2.5565096525096522,96,112,198,0.9444444444444444,0.12626262626262627,20,25
mixed,3,103,srtf,14.36,21.84,14.12,2.1245096525096527,96,112,198,0.9444444444444444,0.12626262626262627,21,33
mixed,3,103,rr,30.76,38.24,10.24,5.844477906477906,118,121,198,0.9444444444444444,0.12626262626262627,65,74
mixed,3,103,priority,57.36,64.84,57.36,28.61576319176319,162,164,198,0.9444444444444444,0.12626262626262627,20,25
mixed,3,103,hrrn,32.72,40.2,32.72,10.536319176319175,88,112,198,0.9444444444444444,0.12626262626262627,20,25
mixed,3,104,fcfs,105.92,115.72,105.92,38.98701572708024,139,169,246,0.9959349593495935,0.1016260162601626,24,25
mixed,3,104,sjf,53.36,63.16,53.36,11.849731631130613,130,207,246,0.9959349593495935,0.1016260162601626,24,25
mixed,3,104,srtf,30.32,40.12,23.44,2.5815226764700445,170,207,246,0.9959349593495935,0.1016260162601626,26,35
mixed,3,104,rr,70.84,80.64,22.04,11.851226040948452,196,204,246,0.9959349593495935,0.1016260162601626,91,92
mixed,3,104,priority,119.12,128.92,119.12,46.36612691552929,203,225,246,0.9959349593495935,0.1016260162601626,24,25
mixed,3,104,hrrn,55.92,65.72,55.92,13.358343529327401,144,168,246,0.9959349593495935,0.1016260162601626,24,25
mixed,3,105,fcfs,173.12,192.8,173.12,28.21843836753078,388,415,496,0.9919354838709677,0.05040322580645161,24,25
mixed,3,105,sjf,127.28,146.96,127.28,6.679040557434998,389,428,496,0.9919354838709677,0.05040322580645161,24,25
mixed,3,105,srtf,125.04,144.72,124.24,5.059596112990554,389,428,496,0.9919354838709677,0.05040322580645161,27,39
mixed,3,105,rr,248.32,268.0,22.32,13.049106235279316,424,425,496,0.9919354838709677,0.05040322580645161,170,173
mixed,3,105,priority,187.68,207.36,187.68,33.077398320444146,408,419,496,0.9919354838709677,0.05040322580645161,24,25
mixed,3,105,hrrn,130.8,150.48,130.8,8.04769174704855,389,428,496,0.9919354838709677,0.05040322580645161,24,25
mixed,3,106,fcfs,111.52,123.12,111.52,37.76678607503607,241,245,294,0.9863945578231292,0.08503401360544217,24,25
mixed,3,106,sjf,51.0,62.6,51.0,5.597241702741703,194,244,294,0.9863945578231292,0.08503401360544217,24,25
mixed,3,106,srtf,44.68,56.28,42.96,2.847908369408369,194,244,294,0.9863945578231292,0.08503401360544217,28,37
mixed,3,106,rr,92.64,104.24,21.56,11.856032828282828,227,236,294,0.9863945578231292,0.08503401360544217,102,103
mixed,3,106,priority,129.84,141.44,129.84,44.49669408369408,263,279,294,0.9863945578231292,0.08503401360544217,24,25
mixed,3,106,hrrn,52.48,64.08,52.48,6.640612914862914,187,227,294,0.9863945578231292,0.08503401360544217,24,25
mixed,3,107,fcfs,120.52,135.36,120.52,23.010910223852857,290,290,371,1.0,0.0673854447439353,24,25
mixed,3,107,sjf,63.2,78.04,63.2,3.602672378454081,274,305,371,1.0,0.0673854447439353,24,25
mixed,3,107,srtf,63.2,78.04,63.2,3.602672378454081,274,305,371,1.0,0.0673854447439353,24,34
mixed,3,107,rr,126.72,141.56,21.36,10.033295513051822,305,305,371,1.0,0.0673854447439353,132,134
mixed,3,107,priority,166.88,181.72,166.88,36.195613981895036,312,345,371,1.0,0.0673854447439353,24,25
mixed,3,107,hrrn,65.92,80.76,65.92,4.71254102442799,255,305,371,1.0,0.0673854447439353,24,25
mixed,3,108,fcfs,152.72,164.76,152.72,51.785008217610645,208,232,302,0.9966887417218543,0.08278145695364239,24,25
mixed,3,108,sjf,59.08,71.12,59.08,8.340140198678942,219,248,302,0.9966887417218543,0.08278145695364239,24,25
mixed,3,108,srtf,47.48,59.52,37.44,2.995716669267176,219,248,302,0.9966887417218543,0.08278145695364239,34,42
mixed,3,108,rr,104.64,116.68,25.6,13.435553357258023,248,252,302,0.9966887417218543,0.08278145695364239,106,109
mixed,3,108,priority,130.52,142.56,130.52,51.34310914859312,254,286,302,0.9966887417218543,0.08278145695364239,24,25
mixed,3,108,hrrn,60.96,73.0,60.96,9.318919103344255,219,248,302,0.9966887417218543,0.08278145695364239,24,25
mixed,3,109,fcfs,71.56,78.64,71.56,25.8,122,123,178,0.9943820224719101,0.1404494382022472,24,25
mixed,3,109,sjf,21.2,28.28,21.2,3.3874285714285715,113,117,178,0.9943820224719101,0.1404494382022472,24,25
mixed,3,109,srtf,20.76,27.84,20.32,2.858095238095238,113,117,178,0.9943820224719101,0.1404494382022472,29,37
mixed,3,109,rr,48.48,55.56,19.12,10.708095238095238,122,134,178,0.9943820224719101,0.1404494382022472,64,69
mixed,3,109,priority,73.4,80.48,73.4,27.863777777777777,150,173,178,0.9943820224719101,0.1404494382022472,24,25
mixed,3,109,hrrn,40.32,47.4,40.32,10.869333333333334,95,117,178,0.9943820224719101,0.1404494382022472,24,25
mixed,3,110,fcfs,95.76,105.56,95.76,30.57980294117647,198,201,248,0.9879032258064516,0.10080645161290322,23,25
mixed,3,110,sjf,38.76,48.56,38.76,6.243173202614379,155,181,248,0.9879032258064516,0.10080645161290322,23,25
mixed,3,110,srtf,26.72,36.52,21.12,2.0085176470588233,155,181,248,0.9879032258064516,0.10080645161290322,27,33
mixed,3,110,rr,60.48,70.28,15.32,8.165777450980393,183,187,248,0.9879032258064516,0.10080645161290322,87,91
mixed,3,110,priority,115.76,125.56,115.76,47.37027581699346,207,209,248,0.9879032258064516,0.10080645161290322,23,25
mixed,3,110,hrrn,43.84,53.64,43.84,9.609165032679739,150,181,248,0.9879032258064516,0.10080645161290322,23,25
mixed,3,111,fcfs,159.0,173.76,159.0,50.67848656242205,282,285,372,0.9919354838709677,0.06720430107526881,24,25
mixed,3,111,sjf,77.12,91.88,77.12,7.119570459647878,249,285,372,0.9919354838709677,0.06720430107526881,24,25
mixed,3,111,srtf,64.12,78.88,55.28,3.3700653668911738,249,285,372,0.9919354838709677,0.06720430107526881,26,36
mixed,3,111,rr,135.52,150.28,24.48,14.002921196843777,294,296,372,0.9919354838709677,0.06720430107526881,130,131
mixed,3,111,priority,162.44,177.2,162.44,53.7860215211312,307,328,372,0.9919354838709677,0.06720430107526881,24,25
mixed,3,111,hrrn,78.2,92.96,78.2,7.873589507266927,249,285,372,0.9919354838709677,0.06720430107526881,24,25
mixed,3,112,fcfs,24.96,29.68,24.96,16.350469208211145,69,70,122,0.9672131147540983,0.20491803278688525,23,25
mixed,3,112,sjf,5.2,9.92,5.2,2.1987839687194524,17,59,122,0.9672131147540983,0.20491803278688525,23,25
mixed,3,112,srtf,4.88,9.6,4.64,1.7507839687194526,17,59,122,0.9672131147540983,0.20491803278688525,26,37
mixed,3,112,rr,11.08,15.8,5.48,4.767849462365592,50,55,122,0.9672131147540983,0.20491803278688525,48,51
mixed,3,112,priority,24.8,29.52,24.8,16.285411534701858,74,77,122,0.9672131147540983,0.20491803278688525,23,25
mixed,3,112,hrrn,14.44,19.16,14.44,8.441304007820136,43,50,122,0.9672131147540983,0.20491803278688525,23,25
mixed,3,113,fcfs,75.36,83.32,75.36,31.807362573099418,119,149,200,0.995,0.125,24,25
mixed,3,113,sjf,20.96,28.92,20.96,2.7105321637426902,101,138,200,0.995,0.125,24,25
mixed,3,113,srtf,20.88,28.84,20.76,2.59653216374269,101,138,200,0.995,0.125,26,36
mixed,3,113,rr,50.4,58.36,21.2,12.205333333333334,124,135,200,0.995,0.125,74,75
mixed,3,113,priority,77.88,85.84,77.88,31.490964912280702,135,144,200,0.995,0.125,24,25
mixed,3,113,hrrn,31.52,39.48,31.52,7.3224912280701755,102,120,200,0.995,0.125,24,25
mixed,3,114,fcfs,41.16,45.36,41.16,22.739333333333335,64,65,107,0.9813084112149533,0.2336448598130841,24,25
mixed,3,114,sjf,10.6,14.8,10.6,3.3136666666666668,36,57,107,0.9813084112149533,0.2336448598130841,24,25
mixed,3,114,srtf,10.52,14.72,10.44,3.1803333333333335,36,57,107,0.9813084112149533,0.2336448598130841,26,38
mixed,3,114,rr,20.8,25.0,14.68,9.680333333333333,44,57,107,0.9813084112149533,0.2336448598130841,32,43
mixed,3,114,priority,46.72,50.92,46.72,23.814,85,87,107,0.9813084112149533,0.2336448598130841,24,25
mixed,3,114,hrrn,12.6,16.8,12.6,5.024333333333334,32,57,107,0.9813084112149533,0.2336448598130841,24,25
mixed,3,115,fcfs,113.32,124.16,113.32,30.599122777767658,204,224,277,0.9783393501805054,0.09025270758122744,23,25
mixed,3,115,sjf,52.0,62.84,52.0,7.4278727997263765,191,223,277,0.9783393501805054,0.09025270758122744,23,25
mixed,3,115,srtf,39.68,50.52,33.16,2.9260339710468743,191,223,277,0.9783393501805054,0.09025270758122744,25,37
mixed,3,115,rr,86.68,97.52,19.76,10.006835629790189,223,224,277,0.9783393501805054,0.09025270758122744,98,100
mixed,3,115,priority,117.4,128.24,117.4,39.333099331928786,250,250,277,0.9783393501805054,0.09025270758122744,23,25
mixed,3,115,hrrn,53.16,64.0,53.16,8.135363445312674,191,223,277,0.9783393501805054,0.09025270758122744,23,25
mixed,3,116,fcfs,142.08,156.32,142.08,27.193014903350104,283,283,357,0.9971988795518207,0.0700280112044818,24,25
mixed,3,116,sjf,71.72,85.96,71.72,4.58168156144105,264,277,357,0.9971988795518207,0.0700280112044818,24,25
mixed,3,116,srtf,70.72,84.96,68.68,4.032848228107717,264,277,357,0.9971988795518207,0.0700280112044818,27,41
mixed,3,116,rr,147.6,161.84,27.04,13.582576815985874,287,294,357,0.9971988795518207,0.0700280112044818,124,127
mixed,3,116,priority,177.88,192.12,177.88,36.07390561192794,318,320,357,0.9971988795518207,0.0700280112044818,24,25
mixed,3,116,hrrn,73.0,87.24,73.0,5.0717977811089945,264,277,357,0.9971988795518207,0.0700280112044818,24,25
mixed,3,117,fcfs,104.36,113.0,104.36,46.203809523809525,165,168,216,1.0,0.11574074074074074,24,25
mixed,3,117,sjf,35.56,44.2,35.56,8.098581453634086,109,164,216,1.0,0.11574074074074074,24,25
mixed,3,117,srtf,21.4,30.04,18.12,2.126606516290727,109,164,216,1.0,0.11574074074074074,29,40
mixed,3,117,rr,54.16,62.8,20.92,12.284075187969925,157,162,216,1.0,0.11574074074074074,81,82
mixed,3,117,priority,80.64,89.28,80.64,37.292646616541354,163,171,216,1.0,0.11574074074074074,24,25
mixed,3,117,hrrn,42.72,51.36,42.72,10.796947368421051,129,147,216,1.0,0.11574074074074074,24,25
mixed,3,118,fcfs,111.16,122.64,111.16,38.96799596788548,231,233,287,1.0,0.08710801393728224,24,25
mixed,3,118,sjf,54.28,65.76,54.28,8.43560234956859,193,200,287,1.0,0.08710801393728224,24,25
mixed,3,118,srtf,41.88,53.36,33.64,2.712743700970811,193,200,287,1.0,0.08710801393728224,29,37
mixed,3,118,rr,91.24,102.72,18.68,11.207122027162947,212,223,287,1.0,0.08710801393728224,103,106
mixed,3,118,priority,122.44,133.92,122.44,49.285454720215846,237,245,287,1.0,0.08710801393728224,24,25
mixed,3,118,hrrn,55.84,67.32,55.84,9.402069430313931,193,200,287,1.0,0.08710801393728224,24,25
mixed,3,119,fcfs,86.0,93.76,86.0,34.560257181415075,141,142,195,0.9948717948717949,0.1282051282051282,24,25
mixed,3,119,sjf,28.32,36.08,28.32,4.709132060921535,103,146,195,0.9948717948717949,0.1282051282051282,24,25
mixed,3,119,srtf,21.72,29.48,19.24,2.7544653942548676,103,146,195,0.9948717948717949,0.1282051282051282,27,37
mixed,3,119,rr,54.08,61.84,21.32,12.831888953152111,136,146,195,0.9948717948717949,0.1282051282051282,73,75
mixed,3,119,priority,79.04,86.8,79.04,28.998340852130326,160,160,195,0.9948717948717949,0.1282051282051282,24,25
mixed,3,119,hrrn,30.44,38.2,30.44,6.207798727588202,103,146,195,0.9948717948717949,0.1282051282051282,24,25
mixed,8,100,fcfs,85.6,94.52,85.6,32.618308663178226,171,175,226,0.9867256637168141,0.11061946902654868,24,25
mixed,8,100,sjf,41.56,50.48,41.56,11.342422871031568,133,142,226,0.9867256637168141,0.11061946902654868,24,25
mixed,8,100,srtf,22.04,30.96,15.12,2.1756743834135137,133,142,226,0.9867256637168141,0.11061946902654868,32,38
mixed,8,100,rr,55.08,64.0,30.88,12.720609914262088,153,157,226,0.9867256637168141,0.11061946902654868,40,42
mixed,8,100,priority,79.76,88.68,79.76,33.58432899789421,186,204,226,0.9867256637168141,0.11061946902654868,24,25
mixed,8,100,hrrn,41.96,50.88,41.96,11.822422871031568,133,142,226,0.9867256637168141,0.11061946902654868,24,25
mixed,8,101,fcfs,94.28,104.92,94.28,25.316067003769177,213,217,270,0.9851851851851852,0.09259259259259259,24,25
mixed,8,101,sjf,46.92,57.56,46.92,6.044127212794833,185,201,270,0.9851851851851852,0.09259259259259259,24,25
mixed,8,101,srtf,40.52,51.16,38.72,2.9009272127948327,185,201,270,0.9851851851851852,0.09259259259259259,29,35
mixed,8,101,rr,91.96,102.6,41.12,13.597040592156382,201,207,270,0.9851851851851852,0.09259259259259259,47,48
mixed,8,101,priority,93.52,104.16,93.52,26.87056077196386,208,224,270,0.9851851851851852,0.09259259259259259,24,25
mixed,8,101,hrrn,48.48,59.12,48.48,6.764006599413808,169,201,270,0.9851851851851852,0.09259259259259259,24,25
mixed,8,102,fcfs,94.08,105.2,94.08,29.345952347928378,235,237,285,0.9754385964912281,0.08771929824561403,23,25
mixed,8,102,sjf,39.88,51.0,39.88,3.2084974623898024,179,210,285,0.9754385964912281,0.08771929824561403,23,25
mixed,8,102,srtf,39.76,50.88,39.64,3.077830795723136,179,210,285,0.9754385964912281,0.08771929824561403,25,37
mixed,8,102,rr,82.68,93.8,35.4,13.268194049833118,211,211,285,0.9754385964912281,0.08771929824561403,47,49
mixed,8,102,priority,102.76,113.88,102.76,28.95116813537007,251,254,285,0.9754385964912281,0.08771929824561403,23,25
mixed,8,102,hrrn,40.8,51.92,40.8,3.7614671593594995,179,210,285,0.9754385964912281,0.08771929824561403,23,25
mixed,8,103,fcfs,49.2,56.68,49.2,17.07443243243243,141,143,198,0.9444444444444444,0.12626262626262627,20,25
mixed,8,103,sjf,14.76,22.24,14.76,2.5565096525096522,96,112,198,0.9444444444444444,0.12626262626262627,20,25
mixed,8,103,srtf,14.36,21.84,14.12,2.1245096525096527,96,112,198,0.9444444444444444,0.12626262626262627,21,33
mixed,8,103,rr,32.32,39.8,19.12,7.340001716001716,112,120,198,0.9444444444444444,0.12626262626262627,34,39
mixed,8,103,priority,57.36,64.84,57.36,28.61576319176319,162,164,198,0.9444444444444444,0.12626262626262627,20,25
mixed,8,103,hrrn,32.72,40.2,32.72,10.536319176319175,88,112,198,0.9444444444444444,0.12626262626262627,20,25
mixed,8,104,fcfs,105.92,115.72,105.92,38.98701572708024,139,169,246,0.9959349593495935,0.1016260162601626,24,25
mixed,8,104,sjf,53.36,63.16,53.36,11.849731631130613,130,207,246,0.9959349593495935,0.1016260162601626,24,25
mixed,8,104,srtf,30.32,40.12,23.44,2.5815226764700445,170,207,246,0.9959349593495935,0.1016260162601626,26,35
mixed,8,104,rr,77.36,87.16,43.4,17.386711207459083,170,192,246,0.9959349593495935,0.1016260162601626,44,45
mixed,8,104,priority,119.12,128.92,119.12,46.36612691552929,203,225,246,0.9959349593495935,0.1016260162601626,24,25
mixed,8,104,hrrn,55.92,65.72,55.92,13.358343529327401,144,168,246,0.9959349593495935,0.1016260162601626,24,25
mixed,8,105,fcfs,173.12,192.8,173.12,28.21843836753078,388,415,496,0.9919354838709677,0.05040322580645161,24,25
mixed,8,105,sjf,127.28,146.96,127.28,6.679040557434998,389,428,496,0.9919354838709677,0.05040322580645161,24,25
mixed,8,105,srtf,125.04,144.72,124.24,5.059596112990554,389,428,496,0.9919354838709677,0.05040322580645161,27,39
mixed,8,105,rr,245.4,265.08,51.24,15.65410549100318,423,423,496,0.9919354838709677,0.05040322580645161,73,74
mixed,8,105,priority,187.68,207.36,187.68,33.077398320444146,408,419,496,0.9919354838709677,0.05040322580645161,24,25
mixed,8,105,hrrn,130.8,150.48,130.8,8.04769174704855,389,428,496,0.9919354838709677,0.05040322580645161,24,25
mixed,8,106,fcfs,111.52,123.12,111.52,37.76678607503607,241,245,294,0.9863945578231292,0.08503401360544217,24,25
mixed,8,106,sjf,51.0,62.6,51.0,5.597241702741703,194,244,294,0.9863945578231292,0.08503401360544217,24,25
mixed,8,106,srtf,44.68,56.28,42.96,2.847908369408369,194,244,294,0.9863945578231292,0.08503401360544217,28,37
mixed,8,106,rr,99.72,111.32,46.0,17.920876623376625,218,244,294,0.9863945578231292,0.08503401360544217,49,50
mixed,8,106,priority,129.84,141.44,129.84,44.49669408369408,263,279,294,0.9863945578231292,0.08503401360544217,24,25
mixed,8,106,hrrn,52.48,64.08,52.48,6.640612914862914,187,227,294,0.9863945578231292,0.08503401360544217,24,25
mixed,8,107,fcfs,120.52,135.36,120.52,23.010910223852857,290,290,371,1.0,0.0673854447439353,24,25
mixed,8,107,sjf,63.2,78.04,63.2,3.602672378454081,274,305,371,1.0,0.0673854447439353,24,25
mixed,8,107,srtf,63.2,78.04,63.2,3.602672378454081,274,305,371,1.0,0.0673854447439353,24,34
mixed,8,107,rr,124.08,138.92,43.28,11.452169093258306,296,301,371,1.0,0.0673854447439353,56,57
mixed,8,107,priority,166.88,181.72,166.88,36.195613981895036,312,345,371,1.0,0.0673854447439353,24,25
mixed,8,107,hrrn,65.92,80.76,65.92,4.71254102442799,255,305,371,1.0,0.0673854447439353,24,25
mixed,8,108,fcfs,152.72,164.76,152.72,51.785008217610645,208,232,302,0.9966887417218543,0.08278145695364239,24,25
mixed,8,108,sjf,59.08,71.12,59.08,8.340140198678942,219,248,302,0.9966887417218543,0.08278145695364239,24,25
mixed,8,108,srtf,47.48,59.52,37.44,2.995716669267176,219,248,302,0.9966887417218543,0.08278145695364239,34,42
mixed,8,108,rr,118.72,130.76,56.28,21.54358558277422,246,248,302,0.9966887417218543,0.08278145695364239,51,52
mixed,8,108,priority,130.52,142.56,130.52,51.34310914859312,254,286,302,0.9966887417218543,0.08278145695364239,24,25
mixed,8,108,hrrn,60.96,73.0,60.96,9.318919103344255,219,248,302,0.9966887417218543,0.08278145695364239,24,25
mixed,8,109,fcfs,71.56,78.64,71.56,25.8,122,123,178,0.9943820224719101,0.1404494382022472,24,25
mixed,8,109,sjf,21.2,28.28,21.2,3.3874285714285715,113,117,178,0.9943820224719101,0.1404494382022472,24,25
mixed,8,109,srtf,20.76,27.84,20.32,2.858095238095238,113,117,178,0.9943820224719101,0.1404494382022472,29,37
mixed,8,109,rr,52.92,60.0,37.8,14.484571428571428,121,125,178,0.9943820224719101,0.1404494382022472,34,36
mixed,8,109,priority,73.4,80.48,73.4,27.863777777777777,150,173,178,0.9943820224719101,0.1404494382022472,24,25
mixed,8,109,hrrn,40.32,47.4,40.32,10.869333333333334,95,117,178,0.9943820224719101,0.1404494382022472,24,25
mixed,8,110,fcfs,95.76,105.56,95.76,30.57980294117647,198,201,248,0.9879032258064516,0.10080645161290322,23,25
mixed,8,110,sjf,38.76,48.56,38.76,6.243173202614379,155,181,248,0.9879032258064516,0.10080645161290322,23,25
mixed,8,110,srtf,26.72,36.52,21.12,2.0085176470588233,155,181,248,0.9879032258064516,0.10080645161290322,27,33
mixed,8,110,rr,68.68,78.48,33.64,12.437439869281045,182,185,248,0.9879032258064516,0.10080645161290322,44,46
mixed,8,110,priority,115.76,125.56,115.76,47.37027581699346,207,209,248,0.9879032258064516,0.10080645161290322,23,25
mixed,8,110,hrrn,43.84,53.64,43.84,9.609165032679739,150,181,248,0.9879032258064516,0.10080645161290322,23,25
mixed,8,111,fcfs,159.0,173.76,159.0,50.67848656242205,282,285,372,0.9919354838709677,0.06720430107526881,24,25
mixed,8,111,sjf,77.12,91.88,77.12,7.119570459647878,249,285,372,0.9919354838709677,0.06720430107526881,24,25
mixed,8,111,srtf,64.12,78.88,55.28,3.3700653668911738,249,285,372,0.9919354838709677,0.06720430107526881,26,36
mixed,8,111,rr,142.0,156.76,54.28,20.627756934105324,285,288,372,0.9919354838709677,0.06720430107526881,58,59
mixed,8,111,priority,162.44,177.2,162.44,53.7860215211312,307,328,372,0.9919354838709677,0.06720430107526881,24,25
mixed,8,111,hrrn,78.2,92.96,78.2,7.873589507266927,249,285,372,0.9919354838709677,0.06720430107526881,24,25
mixed,8,112,fcfs,24.96,29.68,24.96,16.350469208211145,69,70,122,0.9672131147540983,0.20491803278688525,23,25
mixed,8,112,sjf,5.2,9.92,5.2,2.1987839687194524,17,59,122,0.9672131147540983,0.20491803278688525,23,25
mixed,8,112,srtf,4.88,9.6,4.64,1.7507839687194526,17,59,122,0.9672131147540983,0.20491803278688525,26,37
mixed,8,112,rr,13.76,18.48,10.12,7.2580742913000975,49,59,122,0.9672131147540983,0.20491803278688525,30,32
mixed,8,112,priority,24.8,29.52,24.8,16.285411534701858,74,77,122,0.9672131147540983,0.20491803278688525,23,25
mixed,8,112,hrrn,14.44,19.16,14.44,8.441304007820136,43,50,122,0.9672131147540983,0.20491803278688525,23,25
mixed,8,113,fcfs,75.36,83.32,75.36,31.807362573099418,119,149,200,0.995,0.125,24,25
mixed,8,113,sjf,20.96,28.92,20.96,2.7105321637426902,101,138,200,0.995,0.125,24,25
mixed,8,113,srtf,20.88,28.84,20.76,2.59653216374269,101,138,200,0.995,0.125,26,36
mixed,8,113,rr,55.6,63.56,39.2,17.47538596491228,120,134,200,0.995,0.125,38,39
mixed,8,113,priority,77.88,85.84,77.88,31.490964912280702,135,144,200,0.995,0.125,24,25
mixed,8,113,hrrn,31.52,39.48,31.52,7.3224912280701755,102,120,200,0.995,0.125,24,25
mixed,8,114,fcfs,41.16,45.36,41.16,22.739333333333335,64,65,107,0.9813084112149533,0.2336448598130841,24,25
mixed,8,114,sjf,10.6,14.8,10.6,3.3136666666666668,36,57,107,0.9813084112149533,0.2336448598130841,24,25
mixed,8,114,srtf,10.52,14.72,10.44,3.1803333333333335,36,57,107,0.9813084112149533,0.2336448598130841,26,38
mixed,8,114,rr,23.44,27.64,21.64,12.736333333333334,41,57,107,0.9813084112149533,0.2336448598130841,26,29
mixed,8,114,priority,46.72,50.92,46.72,23.814,85,87,107,0.9813084112149533,0.2336448598130841,24,25
mixed,8,114,hrrn,12.6,16.8,12.6,5.024333333333334,32,57,107,0.9813084112149533,0.2336448598130841,24,25
mixed,8,115,fcfs,113.32,124.16,113.32,30.599122777767658,204,224,277,0.9783393501805054,0.09025270758122744,23,25
mixed,8,115,sjf,52.0,62.84,52.0,7.4278727997263765,191,223,277,0.9783393501805054,0.09025270758122744,23,25
mixed,8,115,srtf,39.68,50.52,33.16,2.9260339710468743,191,223,277,0.9783393501805054,0.09025270758122744,25,37
mixed,8,115,rr,91.8,102.64,42.12,13.604492275995783,222,223,277,0.9783393501805054,0.09025270758122744,45,47
mixed,8,115,priority,117.4,128.24,117.4,39.333099331928786,250,250,277,0.9783393501805054,0.09025270758122744,23,25
mixed,8,115,hrrn,53.16,64.0,53.16,8.135363445312674,191,223,277,0.9783393501805054,0.09025270758122744,23,25
mixed,8,116,fcfs,142.08,156.32,142.08,27.193014903350104,283,283,357,0.9971988795518207,0.0700280112044818,24,25
mixed,8,116,sjf,71.72,85.96,71.72,4.58168156144105,264,277,357,0.9971988795518207,0.0700280112044818,24,25
mixed,8,116,srtf,70.72,84.96,68.68,4.032848228107717,264,277,357,0.9971988795518207,0.0700280112044818,27,41
mixed,8,116,rr,141.6,155.84,58.16,14.863778585401919,280,296,357,0.9971988795518207,0.0700280112044818,54,55
mixed,8,116,priority,177.88,192.12,177.88,36.07390561192794,318,320,357,0.9971988795518207,0.0700280112044818,24,25
mixed,8,116,hrrn,73.0,87.24,73.0,5.0717977811089945,264,277,357,0.9971988795518207,0.0700280112044818,24,25
mixed,8,117,fcfs,104.36,113.0,104.36,46.203809523809525,165,168,216,1.0,0.11574074074074074,24,25
mixed,8,117,sjf,35.56,44.2,35.56,8.098581453634086,109,164,216,1.0,0.11574074074074074,24,25
mixed,8,117,srtf,21.4,30.04,18.12,2.126606516290727,109,164,216,1.0,0.11574074074074074,29,40
mixed,8,117,rr,63.12,71.76,38.88,18.608796992481203,154,161,216,1.0,0.11574074074074074,41,42
mixed,8,117,priority,80.64,89.28,80.64,37.292646616541354,163,171,216,1.0,0.11574074074074074,24,25
mixed,8,117,hrrn,42.72,51.36,42.72,10.796947368421051,129,147,216,1.0,0.11574074074074074,24,25
mixed,8,118,fcfs,111.16,122.64,111.16,38.96799596788548,231,233,287,1.0,0.08710801393728224,24,25
mixed,8,118,sjf,54.28,65.76,54.28,8.43560234956859,193,200,287,1.0,0.08710801393728224,24,25
mixed,8,118,srtf,41.88,53.36,33.64,2.712743700970811,193,200,287,1.0,0.08710801393728224,29,37
mixed,8,118,rr,97.88,109.36,42.92,16.668751083528576,217,225,287,1.0,0.08710801393728224,50,51
mixed,8,118,priority,122.44,133.92,122.44,49.285454720215846,237,245,287,1.0,0.08710801393728224,24,25
mixed,8,118,hrrn,55.84,67.32,55.84,9.402069430313931,193,200,287,1.0,0.08710801393728224,24,25
mixed,8,119,fcfs,86.0,93.76,86.0,34.560257181415075,141,142,195,0.9948717948717949,0.1282051282051282,24,25
mixed,8,119,sjf,28.32,36.08,28.32,4.709132060921535,103,146,195,0.9948717948717949,0.1282051282051282,24,25
mixed,8,119,srtf,21.72,29.48,19.24,2.7544653942548676,103,146,195,0.9948717948717949,0.1282051282051282,27,37
mixed,8,119,rr,60.04,67.8,40.64,18.011758627337574,135,146,195,0.9948717948717949,0.1282051282051282,37,38
mixed,8,119,priority,79.04,86.8,79.04,28.998340852130326,160,160,195,0.9948717948717949,0.1282051282051282,24,25
mixed,8,119,hrrn,30.44,38.2,30.44,6.207798727588202,103,146,195,0.9948717948717949,0.1282051282051282,24,25
batch,1,100,fcfs,303.44,328.08,303.44,15.752998653252403,587,601,616,1.0,0.040584415584415584,24,25
batch,1,100,sjf,231.44,256.08,231.44,8.986705902680407,536,576,616,1.0,0.040584415584415584,24,25
batch,1,100,srtf,231.44,256.08,231.44,8.986705902680407,536,576,616,1.0,0.040584415584415584,24,25
batch,1,100,rr,457.16,481.8,12.0,20.670723569302233,575,576,616,1.0,0.040584415584415584,615,616
batch,1,100,priority,300.88,325.52,300.88,15.495475739082554,579,602,616,1.0,0.040584415584415584,24,25
batch,1,100,hrrn,231.52,256.16,231.52,8.999086855061359,536,576,616,1.0,0.040584415584415584,24,25
batch,1,101,fcfs,291.88,315.16,291.88,15.58263459852031,543,565,582,1.0,0.0429553264604811,24,25
batch,1,101,sjf,223.8,247.08,223.8,9.254516885869679,504,543,582,1.0,0.0429553264604811,24,25
batch,1,101,srtf,223.8,247.08,223.8,9.254516885869679,504,543,582,1.0,0.0429553264604811,24,25
batch,1,101,rr,441.96,465.24,12.0,20.920014609252917,542,543,582,1.0,0.0429553264604811,581,582
batch,1,101,priority,268.24,291.52,268.24,13.796433480333157,536,552,582,1.0,0.0429553264604811,24,25
batch,1,101,hrrn,230.08,253.36,230.08,9.878321068728592,504,543,582,1.0,0.0429553264604811,24,25
batch,1,102,fcfs,300.48,326.4,300.48,13.094725143192568,600,631,648,1.0,0.038580246913580245,24,25
batch,1,102,sjf,263.12,289.04,263.12,9.852205326942254,574,610,648,1.0,0.038580246913580245,24,25
batch,1,102,srtf,263.12,289.04,263.12,9.852205326942254,574,610,648,1.0,0.038580246913580245,24,25
batch,1,102,rr,519.4,545.32,12.0,21.501392057863328,610,610,648,1.0,0.038580246913580245,646,648
batch,1,102,priority,318.32,344.24,318.32,14.526308147088148,606,631,648,1.0,0.038580246913580245,24,25
batch,1,102,hrrn,263.2,289.12,263.2,9.864586279323207,574,610,648,1.0,0.038580246913580245,24,25
batch,1,103,fcfs,359.2,388.16,359.2,15.513142526221692,656,684,724,1.0,0.034530386740331494,24,25
batch,1,103,sjf,289.48,318.44,289.48,9.581898204683691,644,684,724,1.0,0.034530386740331494,24,25
batch,1,103,srtf,289.48,318.44,289.48,9.581898204683691,644,684,724,1.0,0.034530386740331494,24,25
batch,1,103,rr,573.36,602.32,12.0,21.328270073609552,683,684,724,1.0,0.034530386740331494,723,724
batch,1,103,priority,339.44,368.4,339.44,13.954891322055945,650,684,724,1.0,0.034530386740331494,24,25
batch,1,103,hrrn,294.32,323.28,294.32,10.022615952238082,644,684,724,1.0,0.034530386740331494,24,25
batch,1,104,fcfs,327.0,353.28,327.0,16.793790300398996,586,621,657,1.0,0.0380517503805175,24,25
batch,1,104,sjf,243.28,269.56,243.28,8.638004525526265,577,617,657,1.0,0.0380517503805175,24,25
batch,1,104,srtf,243.28,269.56,243.28,8.638004525526265,577,617,657,1.0,0.0380517503805175,24,25
batch,1,104,rr,481.08,507.36,12.0,20.312662657706138,616,617,657,1.0,0.0380517503805175,656,657
batch,1,104,priority,313.04,339.32,313.04,15.271867218649827,609,646,657,1.0,0.0380517503805175,24,25
batch,1,104,hrrn,257.0,283.28,257.0,9.836348608696435,578,617,657,1.0,0.0380517503805175,24,25
batch,1,105,fcfs,331.24,360.12,331.24,13.911396960701316,646,682,722,1.0,0.03462603878116344,24,25
batch,1,105,sjf,279.08,307.96,279.08,9.140608468469209,642,682,722,1.0,0.03462603878116344,24,25
batch,1,105,srtf,279.08,307.96,279.08,9.140608468469209,642,682,722,1.0,0.03462603878116344,24,25
batch,1,105,rr,550.84,579.72,12.0,20.789942792852973,681,682,722,1.0,0.03462603878116344,721,722
batch,1,105,priority,335.88,364.76,335.88,14.099396527684448,652,686,722,1.0,0.03462603878116344,24,25
batch,1,105,hrrn,288.56,317.44,288.56,9.93000635933031,642,682,722,1.0,0.03462603878116344,24,25
batch,1,106,fcfs,290.6,313.12,290.6,16.804228080399135,520,544,563,1.0,0.04440497335701599,24,25
batch,1,106,sjf,207.28,229.8,207.28,8.765301023537866,487,523,563,1.0,0.04440497335701599,24,25
batch,1,106,srtf,207.28,229.8,207.28,8.765301023537866,487,523,563,1.0,0.04440497335701599,24,25
batch,1,106,rr,409.72,432.24,12.0,20.424622506148822,523,523,563,1.0,0.04440497335701599,559,563
batch,1,106,priority,264.44,286.96,264.44,14.615956299548404,520,544,563,1.0,0.04440497335701599,24,25
batch,1,106,hrrn,217.52,240.04,217.52,9.780259865865128,487,523,563,1.0,0.04440497335701599,24,25
batch,1,107,fcfs,304.12,326.92,304.12,18.150629477493133,539,551,570,1.0,0.043859649122807015,24,25
batch,1,107,sjf,211.72,234.52,211.72,8.91985091760268,491,530,570,1.0,0.043859649122807015,24,25
batch,1,107,srtf,211.72,234.52,211.72,8.91985091760268,491,530,570,1.0,0.043859649122807015,24,25
batch,1,107,rr,419.12,441.92,12.0,20.670103837378313,530,530,570,1.0,0.043859649122807015,569,570
batch,1,107,priority,274.88,297.68,274.88,15.199772051514923,519,558,570,1.0,0.043859649122807015,24,25
batch,1,107,hrrn,212.76,235.56,212.76,9.06376548342901,491,530,570,1.0,0.043859649122807015,24,25
batch,1,108,fcfs,280.24,304.32,280.24,14.887793517456055,551,563,602,1.0,0.04152823920265781,24,25
batch,1,108,sjf,218.0,242.08,218.0,8.68055458164127,524,563,602,1.0,0.04152823920265781,24,25
batch,1,108,srtf,218.0,242.08,218.0,8.68055458164127,524,563,602,1.0,0.04152823920265781,24,25
batch,1,108,rr,429.08,453.16,12.0,20.255915465511443,562,563,602,1.0,0.04152823920265781,601,602
batch,1,108,priority,268.12,292.2,268.12,13.867853709585908,530,563,602,1.0,0.04152823920265781,24,25
batch,1,108,hrrn,218.32,242.4,218.32,8.73073107181776,524,563,602,1.0,0.04152823920265781,24,25
batch,1,109,fcfs,310.96,336.48,310.96,15.155771305927384,602,623,638,1.0,0.03918495297805643,24,25
batch,1,109,sjf,244.28,269.8,244.28,9.125539698857303,559,598,638,1.0,0.03918495297805643,24,25
batch,1,109,srtf,244.28,269.8,244.28,9.125539698857303,559,598,638,1.0,0.03918495297805643,24,25
batch,1,109,rr,482.72,508.24,12.0,20.80714797597375,598,598,638,1.0,0.03918495297805643,637,638
batch,1,109,priority,301.04,326.56,301.04,14.376540901727836,586,624,638,1.0,0.03918495297805643,24,25
batch,1,109,hrrn,245.16,270.68,245.16,9.240670345987951,559,598,638,1.0,0.03918495297805643,24,25
batch,1,110,fcfs,335.8,362.08,335.8,16.07021727180653,617,640,657,1.0,0.0380517503805175,24,25
batch,1,110,sjf,257.56,283.84,257.56,9.426801303177262,578,617,657,1.0,0.0380517503805175,24,25
batch,1,110,srtf,257.56,283.84,257.56,9.426801303177262,578,617,657,1.0,0.0380517503805175,24,25
batch,1,110,rr,510.4,536.68,12.0,21.188119651907247,616,617,657,1.0,0.0380517503805175,655,657
batch,1,110,priority,318.36,344.64,318.36,14.828819119806973,582,617,657,1.0,0.0380517503805175,24,25
batch,1,110,hrrn,270.32,296.6,270.32,10.404935710216657,578,617,657,1.0,0.0380517503805175,24,25
batch,1,111,fcfs,330.44,357.16,330.44,15.86990075362123,590,628,668,1.0,0.0374251497005988,24,25
batch,1,111,sjf,260.64,287.36,260.64,9.323793266670029,589,628,668,1.0,0.0374251497005988,24,25
batch,1,111,srtf,260.64,287.36,260.64,9.323793266670029,589,628,668,1.0,0.0374251497005988,24,25
batch,1,111,rr,515.84,542.56,12.0,21.071214405453684,627,628,668,1.0,0.0374251497005988,666,668
batch,1,111,priority,325.16,351.88,325.16,15.394299765176639,592,630,668,1.0,0.0374251497005988,24,25
batch,1,111,hrrn,270.36,297.08,270.36,10.128533818836209,589,628,668,1.0,0.0374251497005988,24,25
batch,1,112,fcfs,314.2,338.32,314.2,17.42227607895807,573,585,603,1.0,0.04145936981757877,24,25
batch,1,112,sjf,234.48,258.6,234.48,9.228538796047621,531,565,603,1.0,0.04145936981757877,24,25
batch,1,112,srtf,234.48,258.6,234.48,9.228538796047621,531,565,603,1.0,0.04145936981757877,24,25
batch,1,112,rr,464.68,488.8,12.0,20.982413043337004,565,565,603,1.0,0.04145936981757877,599,603
batch,1,112,priority,289.36,313.48,289.36,14.560301843067652,563,580,603,1.0,0.04145936981757877,24,25
batch,1,112,hrrn,238.12,262.24,238.12,9.65365369485785,531,565,603,1.0,0.04145936981757877,24,25
batch,1,113,fcfs,277.24,300.56,277.24,14.412738777259056,556,572,583,1.0,0.04288164665523156,24,25
batch,1,113,sjf,220.6,243.92,220.6,8.95621869877392,508,545,583,1.0,0.04288164665523156,24,25
batch,1,113,srtf,220.6,243.92,220.6,8.95621869877392,508,545,583,1.0,0.04288164665523156,24,25
batch,1,113,rr,434.84,458.16,12.0,20.543724124416723,545,545,583,1.0,0.04288164665523156,582,583
batch,1,113,priority,307.24,330.56,307.24,17.72578963669573,557,568,583,1.0,0.04288164665523156,24,25
batch,1,113,hrrn,220.6,243.92,220.6,8.95621869877392,508,545,583,1.0,0.04288164665523156,24,25
batch,1,114,fcfs,291.52,317.36,291.52,13.301246071765485,606,618,646,1.0,0.03869969040247678,24,25
batch,1,114,sjf,245.8,271.64,245.8,8.992244395606129,567,606,646,1.0,0.03869969040247678,24,25
batch,1,114,srtf,245.8,271.64,245.8,8.992244395606129,567,606,646,1.0,0.03869969040247678,24,25
batch,1,114,rr,484.36,510.2,12.0,20.58223399031678,606,606,646,1.0,0.03869969040247678,645,646
batch,1,114,priority,316.52,342.36,316.52,15.331885712673762,597,627,646,1.0,0.03869969040247678,24,25
batch,1,114,hrrn,246.6,272.44,246.6,9.106762426594747,567,606,646,1.0,0.03869969040247678,24,25
batch,1,115,fcfs,303.76,329.84,303.76,14.377921892863816,597,615,652,1.0,0.03834355828220859,24,25
batch,1,115,sjf,248.4,274.48,248.4,8.986306215906684,574,612,652,1.0,0.03834355828220859,24,25
batch,1,115,srtf,248.4,274.48,248.4,8.986306215906684,574,612,652,1.0,0.03834355828220859,24,25
batch,1,115,rr,490.16,516.24,12.0,20.625068529799748,611,612,652,1.0,0.03834355828220859,649,652
batch,1,115,priority,293.72,319.8,293.72,13.226103298192374,592,619,652,1.0,0.03834355828220859,24,25
batch,1,115,hrrn,260.4,286.48,260.4,10.007374984775876,575,612,652,1.0,0.03834355828220859,24,25
batch,1,116,fcfs,301.04,324.48,301.04,16.921624108075353,546,568,586,1.0,0.042662116040955635,24,25
batch,1,116,sjf,214.68,238.12,214.68,8.666651503140365,506,546,586,1.0,0.042662116040955635,24,25
batch,1,116,srtf,214.68,238.12,214.68,8.666651503140365,506,546,586,1.0,0.042662116040955635,24,25
batch,1,116,rr,424.32,447.76,12.0,20.315163711552344,545,546,586,1.0,0.042662116040955635,585,586
batch,1,116,priority,273.2,296.64,273.2,14.349844893559945,546,570,586,1.0,0.042662116040955635,24,25
batch,1,116,hrrn,227.64,251.08,227.64,9.870728661512613,506,546,586,1.0,0.042662116040955635,24,25
batch,1,117,fcfs,283.88,307.52,283.88,15.241391191598586,552,581,591,1.0,0.04230118443316413,24,25
batch,1,117,sjf,225.68,249.32,225.68,9.150529690226286,513,551,591,1.0,0.04230118443316413,24,25
batch,1,117,srtf,225.68,249.32,225.68,9.150529690226286,513,551,591,1.0,0.04230118443316413,24,25
batch,1,117,rr,445.12,468.76,12.0,20.81792098420648,551,551,591,1.0,0.04230118443316413,589,591
batch,1,117,priority,281.2,304.84,281.2,14.492592324543228,549,562,591,1.0,0.04230118443316413,24,25
batch,1,117,hrrn,226.56,250.2,226.56,9.272506850321093,513,551,591,1.0,0.04230118443316413,24,25
batch,1,118,fcfs,329.16,356.68,329.16,14.65351326161063,635,651,688,1.0,0.036337209302325583,24,25
batch,1,118,sjf,272.52,300.04,272.52,9.49830531999262,611,649,688,1.0,0.036337209302325583,24,25
batch,1,118,srtf,272.52,300.04,272.52,9.49830531999262,611,649,688,1.0,0.036337209302325583,24,25
batch,1,118,rr,538.76,566.28,12.0,21.20923897167321,649,649,688,1.0,0.036337209302325583,687,688
batch,1,118,priority,340.36,367.88,340.36,15.42671518531618,640,654,688,1.0,0.036337209302325583,24,25
batch,1,118,hrrn,278.44,305.96,278.44,10.02012622263379,611,649,688,1.0,0.036337209302325583,24,25
batch,1,119,fcfs,332.68,359.8,332.68,15.632729855976883,629,651,678,1.0,0.03687315634218289,24,25
batch,1,119,sjf,258.48,285.6,258.48,9.012675232291631,598,638,678,1.0,0.03687315634218289,24,25
batch,1,119,srtf,258.48,285.6,258.48,9.012675232291631,598,638,678,1.0,0.03687315634218289,24,25
batch,1,119,rr,511.08,538.2,12.0,20.695952612456658,637,638,678,1.0,0.03687315634218289,677,678
batch,1,119,priority,323.36,350.48,323.36,14.639407259218803,616,651,678,1.0,0.03687315634218289,24,25
batch,1,119,hrrn,270.44,297.56,270.44,9.995499890899222,598,638,678,1.0,0.03687315634218289,24,25
batch,3,100,fcfs,303.44,328.08,303.44,15.752998653252403,587,601,616,1.0,0.040584415584415584,24,25
batch,3,100,sjf,231.44,256.08,231.44,8.986705902680407,536,576,616,1.0,0.040584415584415584,24,25
batch,3,100,srtf,231.44,256.08,231.44,8.986705902680407,536,576,616,1.0,0.040584415584415584,24,25
batch,3,100,rr,452.76,477.4,36.0,20.41419294414358,576,576,616,1.0,0.040584415584415584,211,212
batch,3,100,priority,300.88,325.52,300.88,15.495475739082554,579,602,616,1.0,0.040584415584415584,24,25
batch,3,100,hrrn,231.52,256.16,231.52,8.999086855061359,536,576,616,1.0,0.040584415584415584,24,25
batch,3,101,fcfs,291.88,315.16,291.88,15.58263459852031,543,565,582,1.0,0.0429553264604811,24,25
batch,3,101,sjf,223.8,247.08,223.8,9.254516885869679,504,543,582,1.0,0.0429553264604811,24,25
batch,3,101,srtf,223.8,247.08,223.8,9.254516885869679,504,543,582,1.0,0.0429553264604811,24,25
batch,3,101,rr,442.2,465.48,36.0,20.854443170348887,542,543,582,1.0,0.0429553264604811,202,203
batch,3,101,priority,268.24,291.52,268.24,13.796433480333157,536,552,582,1.0,0.0429553264604811,24,25
batch,3,101,hrrn,230.08,253.36,230.08,9.878321068728592,504,543,582,1.0,0.0429553264604811,24,25
batch,3,102,fcfs,300.48,326.4,300.48,13.094725143192568,600,631,648,1.0,0.038580246913580245,24,25
batch,3,102,sjf,263.12,289.04,263.12,9.852205326942254,574,610,648,1.0,0.038580246913580245,24,25
batch,3,102,srtf,263.12,289.04,263.12,9.852205326942254,574,610,648,1.0,0.038580246913580245,24,25
batch,3,102,rr,513.12,539.04,36.0,21.15887085491602,610,610,648,1.0,0.038580246913580245,221,222
batch,3,102,priority,318.32,344.24,318.32,14.526308147088148,606,631,648,1.0,0.038580246913580245,24,25
batch,3,102,hrrn,263.2,289.12,263.2,9.864586279323207,574,610,648,1.0,0.038580246913580245,24,25
batch,3,103,fcfs,359.2,388.16,359.2,15.513142526221692,656,684,724,1.0,0.034530386740331494,24,25
batch,3,103,sjf,289.48,318.44,289.48,9.581898204683691,644,684,724,1.0,0.034530386740331494,24,25
batch,3,103,srtf,289.48,318.44,289.48,9.581898204683691,644,684,724,1.0,0.034530386740331494,24,25
batch,3,103,rr,573.88,602.84,36.0,21.38382867963607,683,684,724,1.0,0.034530386740331494,249,250
batch,3,103,priority,339.44,368.4,339.44,13.954891322055945,650,684,724,1.0,0.034530386740331494,24,25
batch,3,103,hrrn,294.32,323.28,294.32,10.022615952238082,644,684,724,1.0,0.034530386740331494,24,25
batch,3,104,fcfs,327.0,353.28,327.0,16.793790300398996,586,621,657,1.0,0.0380517503805175,24,25
batch,3,104,sjf,243.28,269.56,243.28,8.638004525526265,577,617,657,1.0,0.0380517503805175,24,25
batch,3,104,srtf,243.28,269.56,243.28,8.638004525526265,577,617,657,1.0,0.0380517503805175,24,25
batch,3,104,rr,482.56,508.84,36.0,20.480130835956924,617,618,657,1.0,0.0380517503805175,227,228
batch,3,104,priority,313.04,339.32,313.04,15.271867218649827,609,646,657,1.0,0.0380517503805175,24,25
batch,3,104,hrrn,257.0,283.28,257.0,9.836348608696435,578,617,657,1.0,0.0380517503805175,24,25
batch,3,105,fcfs,331.24,360.12,331.24,13.911396960701316,646,682,722,1.0,0.03462603878116344,24,25
batch,3,105,sjf,279.08,307.96,279.08,9.140608468469209,642,682,722,1.0,0.03462603878116344,24,25
batch,3,105,srtf,279.08,307.96,279.08,9.140608468469209,642,682,722,1.0,0.03462603878116344,24,25
batch,3,105,rr,546.2,575.08,36.0,20.59192093185654,681,682,722,1.0,0.03462603878116344,248,249
batch,3,105,priority,335.88,364.76,335.88,14.099396527684448,652,686,722,1.0,0.03462603878116344,24,25
batch,3,105,hrrn,288.56,317.44,288.56,9.93000635933031,642,682,722,1.0,0.03462603878116344,24,25
batch,3,106,fcfs,290.6,313.12,290.6,16.804228080399135,520,544,563,1.0,0.04440497335701599,24,25
batch,3,106,sjf,207.28,229.8,207.28,8.765301023537866,487,523,563,1.0,0.04440497335701599,24,25
batch,3,106,srtf,207.28,229.8,207.28,8.765301023537866,487,523,563,1.0,0.04440497335701599,24,25
batch,3,106,rr,409.16,431.68,36.0,20.403493104848366,523,524,563,1.0,0.04440497335701599,192,194
batch,3,106,priority,264.44,286.96,264.44,14.615956299548404,520,544,563,1.0,0.04440497335701599,24,25
batch,3,106,hrrn,217.52,240.04,217.52,9.780259865865128,487,523,563,1.0,0.04440497335701599,24,25
batch,3,107,fcfs,304.12,326.92,304.12,18.150629477493133,539,551,570,1.0,0.043859649122807015,24,25
batch,3,107,sjf,211.72,234.52,211.72,8.91985091760268,491,530,570,1.0,0.043859649122807015,24,25
batch,3,107,srtf,211.72,234.52,211.72,8.91985091760268,491,530,570,1.0,0.043859649122807015,24,25
batch,3,107,rr,419.68,442.48,36.0,20.671703598620194,530,530,570,1.0,0.043859649122807015,197,198
batch,3,107,priority,274.88,297.68,274.88,15.199772051514923,519,558,570,1.0,0.043859649122807015,24,25
batch,3,107,hrrn,212.76,235.56,212.76,9.06376548342901,491,530,570,1.0,0.043859649122807015,24,25
batch,3,108,fcfs,280.24,304.32,280.24,14.887793517456055,551,563,602,1.0,0.04152823920265781,24,25
batch,3,108,sjf,218.0,242.08,218.0,8.68055458164127,524,563,602,1.0,0.04152823920265781,24,25
batch,3,108,srtf,218.0,242.08,218.0,8.68055458164127,524,563,602,1.0,0.04152823920265781,24,25
batch,3,108,rr,429.44,453.52,36.0,20.30902002074293,560,563,602,1.0,0.04152823920265781,208,209
batch,3,108,priority,268.12,292.2,268.12,13.867853709585908,530,563,602,1.0,0.04152823920265781,24,25
batch,3,108,hrrn,218.32,242.4,218.32,8.73073107181776,524,563,602,1.0,0.04152823920265781,24,25
batch,3,109,fcfs,310.96,336.48,310.96,15.155771305927384,602,623,638,1.0,0.03918495297805643,24,25
batch,3,109,sjf,244.28,269.8,244.28,9.125539698857303,559,598,638,1.0,0.03918495297805643,24,25
batch,3,109,srtf,244.28,269.8,244.28,9.125539698857303,559,598,638,1.0,0.03918495297805643,24,25
batch,3,109,rr,478.16,503.68,36.0,20.584673640871465,598,599,638,1.0,0.03918495297805643,217,218
batch,3,109,priority,301.04,326.56,301.04,14.376540901727836,586,624,638,1.0,0.03918495297805643,24,25
batch,3,109,hrrn,245.16,270.68,245.16,9.240670345987951,559,598,638,1.0,0.03918495297805643,24,25
batch,3,110,fcfs,335.8,362.08,335.8,16.07021727180653,617,640,657,1.0,0.0380517503805175,24,25
batch,3,110,sjf,257.56,283.84,257.56,9.426801303177262,578,617,657,1.0,0.0380517503805175,24,25
batch,3,110,srtf,257.56,283.84,257.56,9.426801303177262,578,617,657,1.0,0.0380517503805175,24,25
batch,3,110,rr,511.24,537.52,36.0,21.28153207689346,614,617,657,1.0,0.0380517503805175,224,226
batch,3,110,priority,318.36,344.64,318.36,14.828819119806973,582,617,657,1.0,0.0380517503805175,24,25
batch,3,110,hrrn,270.32,296.6,270.32,10.404935710216657,578,617,657,1.0,0.0380517503805175,24,25
batch,3,111,fcfs,330.44,357.16,330.44,15.86990075362123,590,628,668,1.0,0.0374251497005988,24,25
batch,3,111,sjf,260.64,287.36,260.64,9.323793266670029,589,628,668,1.0,0.0374251497005988,24,25
batch,3,111,srtf,260.64,287.36,260.64,9.323793266670029,589,628,668,1.0,0.0374251497005988,24,25
batch,3,111,rr,516.88,543.6,36.0,21.19358941605467,626,628,668,1.0,0.0374251497005988,229,231
batch,3,111,priority,325.16,351.88,325.16,15.394299765176639,592,630,668,1.0,0.0374251497005988,24,25
batch,3,111,hrrn,270.36,297.08,270.36,10.128533818836209,589,628,668,1.0,0.0374251497005988,24,25
batch,3,112,fcfs,314.2,338.32,314.2,17.42227607895807,573,585,603,1.0,0.04145936981757877,24,25
batch,3,112,sjf,234.48,258.6,234.48,9.228538796047621,531,565,603,1.0,0.04145936981757877,24,25
batch,3,112,srtf,234.48,258.6,234.48,9.228538796047621,531,565,603,1.0,0.04145936981757877,24,25
batch,3,112,rr,467.04,491.16,36.0,21.18220253920374,565,567,603,1.0,0.04145936981757877,208,209
batch,3,112,priority,289.36,313.48,289.36,14.560301843067652,563,580,603,1.0,0.04145936981757877,24,25
batch,3,112,hrrn,238.12,262.24,238.12,9.65365369485785,531,565,603,1.0,0.04145936981757877,24,25
batch,3,113,fcfs,277.24,300.56,277.24,14.412738777259056,556,572,583,1.0,0.04288164665523156,24,25
batch,3,113,sjf,220.6,243.92,220.6,8.95621869877392,508,545,583,1.0,0.04288164665523156,24,25
batch,3,113,srtf,220.6,243.92,220.6,8.95621869877392,508,545,583,1.0,0.04288164665523156,24,25
batch,3,113,rr,437.36,460.68,36.0,20.709063423624,546,546,583,1.0,0.04288164665523156,204,205
batch,3,113,priority,307.24,330.56,307.24,17.72578963669573,557,568,583,1.0,0.04288164665523156,24,25
batch,3,113,hrrn,220.6,243.92,220.6,8.95621869877392,508,545,583,1.0,0.04288164665523156,24,25
batch,3,114,fcfs,291.52,317.36,291.52,13.301246071765485,606,618,646,1.0,0.03869969040247678,24,25
batch,3,114,sjf,245.8,271.64,245.8,8.992244395606129,567,606,646,1.0,0.03869969040247678,24,25
batch,3,114,srtf,245.8,271.64,245.8,8.992244395606129,567,606,646,1.0,0.03869969040247678,24,25
batch,3,114,rr,483.04,508.88,36.0,20.454524535356125,606,606,646,1.0,0.03869969040247678,224,225
batch,3,114,priority,316.52,342.36,316.52,15.331885712673762,597,627,646,1.0,0.03869969040247678,24,25
batch,3,114,hrrn,246.6,272.44,246.6,9.106762426594747,567,606,646,1.0,0.03869969040247678,24,25
batch,3,115,fcfs,303.76,329.84,303.76,14.377921892863816,597,615,652,1.0,0.03834355828220859,24,25
batch,3,115,sjf,248.4,274.48,248.4,8.986306215906684,574,612,652,1.0,0.03834355828220859,24,25
batch,3,115,srtf,248.4,274.48,248.4,8.986306215906684,574,612,652,1.0,0.03834355828220859,24,25
batch,3,115,rr,489.08,515.16,36.0,20.62736943468341,613,614,652,1.0,0.03834355828220859,226,227
batch,3,115,priority,293.72,319.8,293.72,13.226103298192374,592,619,652,1.0,0.03834355828220859,24,25
batch,3,115,hrrn,260.4,286.48,260.4,10.007374984775876,575,612,652,1.0,0.03834355828220859,24,25
batch,3,116,fcfs,301.04,324.48,301.04,16.921624108075353,546,568,586,1.0,0.042662116040955635,24,25
batch,3,116,sjf,214.68,238.12,214.68,8.666651503140365,506,546,586,1.0,0.042662116040955635,24,25
batch,3,116,srtf,214.68,238.12,214.68,8.666651503140365,506,546,586,1.0,0.042662116040955635,24,25
batch,3,116,rr,423.76,447.2,36.0,20.242606916583767,545,546,586,1.0,0.042662116040955635,202,203
batch,3,116,priority,273.2,296.64,273.2,14.349844893559945,546,570,586,1.0,0.042662116040955635,24,25
batch,3,116,hrrn,227.64,251.08,227.64,9.870728661512613,506,546,586,1.0,0.042662116040955635,24,25
batch,3,117,fcfs,283.88,307.52,283.88,15.241391191598586,552,581,591,1.0,0.04230118443316413,24,25
batch,3,117,sjf,225.68,249.32,225.68,9.150529690226286,513,551,591,1.0,0.04230118443316413,24,25
batch,3,117,srtf,225.68,249.32,225.68,9.150529690226286,513,551,591,1.0,0.04230118443316413,24,25
batch,3,117,rr,443.08,466.72,36.0,20.79970954669055,551,552,591,1.0,0.04230118443316413,204,205
batch,3,117,priority,281.2,304.84,281.2,14.492592324543228,549,562,591,1.0,0.04230118443316413,24,25
batch,3,117,hrrn,226.56,250.2,226.56,9.272506850321093,513,551,591,1.0,0.04230118443316413,24,25
batch,3,118,fcfs,329.16,356.68,329.16,14.65351326161063,635,651,688,1.0,0.036337209302325583,24,25
batch,3,118,sjf,272.52,300.04,272.52,9.49830531999262,611,649,688,1.0,0.036337209302325583,24,25
batch,3,118,srtf,272.52,300.04,272.52,9.49830531999262,611,649,688,1.0,0.036337209302325583,24,25
batch,3,118,rr,540.32,567.84,36.0,21.31961825388893,649,651,688,1.0,0.036337209302325583,238,239
batch,3,118,priority,340.36,367.88,340.36,15.42671518531618,640,654,688,1.0,0.036337209302325583,24,25
batch,3,118,hrrn,278.44,305.96,278.44,10.02012622263379,611,649,688,1.0,0.036337209302325583,24,25
batch,3,119,fcfs,332.68,359.8,332.68,15.632729855976883,629,651,678,1.0,0.03687315634218289,24,25
batch,3,119,sjf,258.48,285.6,258.48,9.012675232291631,598,638,678,1.0,0.03687315634218289,24,25
batch,3,119,srtf,258.48,285.6,258.48,9.012675232291631,598,638,678,1.0,0.03687315634218289,24,25
batch,3,119,rr,513.32,540.44,36.0,20.82610167149376,638,638,678,1.0,0.03687315634218289,235,236
batch,3,119,priority,323.36,350.48,323.36,14.639407259218803,616,651,678,1.0,0.03687315634218289,24,25
batch,3,119,hrrn,270.44,297.56,270.44,9.995499890899222,598,638,678,1.0,0.03687315634218289,24,25
batch,8,100,fcfs,303.44,328.08,303.44,15.752998653252403,587,601,616,1.0,0.040584415584415584,24,25
batch,8,100,sjf,231.44,256.08,231.44,8.986705902680407,536,576,616,1.0,0.040584415584415584,24,25
batch,8,100,srtf,231.44,256.08,231.44,8.986705902680407,536,576,616,1.0,0.040584415584415584,24,25
batch,8,100,rr,444.04,468.68,96.0,20.0161572660269,570,578,616,1.0,0.040584415584415584,84,85
batch,8,100,priority,300.88,325.52,300.88,15.495475739082554,579,602,616,1.0,0.040584415584415584,24,25
batch,8,100,hrrn,231.52,256.16,231.52,8.999086855061359,536,576,616,1.0,0.040584415584415584,24,25
batch,8,101,fcfs,291.88,315.16,291.88,15.58263459852031,543,565,582,1.0,0.0429553264604811,24,25
batch,8,101,sjf,223.8,247.08,223.8,9.254516885869679,504,543,582,1.0,0.0429553264604811,24,25
batch,8,101,srtf,223.8,247.08,223.8,9.254516885869679,504,543,582,1.0,0.0429553264604811,24,25
batch,8,101,rr,436.4,459.68,96.0,20.679746428540522,541,548,582,1.0,0.0429553264604811,81,82
batch,8,101,priority,268.24,291.52,268.24,13.796433480333157,536,552,582,1.0,0.0429553264604811,24,25
batch,8,101,hrrn,230.08,253.36,230.08,9.878321068728592,504,543,582,1.0,0.0429553264604811,24,25
batch,8,102,fcfs,300.48,326.4,300.48,13.094725143192568,600,631,648,1.0,0.038580246913580245,24,25
batch,8,102,sjf,263.12,289.04,263.12,9.852205326942254,574,610,648,1.0,0.038580246913580245,24,25
batch,8,102,srtf,263.12,289.04,263.12,9.852205326942254,574,610,648,1.0,0.038580246913580245,24,25
batch,8,102,rr,504.4,530.32,96.0,20.72269544566632,611,612,648,1.0,0.038580246913580245,91,92
batch,8,102,priority,318.32,344.24,318.32,14.526308147088148,606,631,648,1.0,0.038580246913580245,24,25
batch,8,102,hrrn,263.2,289.12,263.2,9.864586279323207,574,610,648,1.0,0.038580246913580245,24,25
batch,8,103,fcfs,359.2,388.16,359.2,15.513142526221692,656,684,724,1.0,0.034530386740331494,24,25
batch,8,103,sjf,289.48,318.44,289.48,9.581898204683691,644,684,724,1.0,0.034530386740331494,24,25
batch,8,103,srtf,289.48,318.44,289.48,9.581898204683691,644,684,724,1.0,0.034530386740331494,24,25
batch,8,103,rr,573.88,602.84,96.0,21.64754766490808,682,684,724,1.0,0.034530386740331494,100,101
batch,8,103,priority,339.44,368.4,339.44,13.954891322055945,650,684,724,1.0,0.034530386740331494,24,25
batch,8,103,hrrn,294.32,323.28,294.32,10.022615952238082,644,684,724,1.0,0.034530386740331494,24,25
batch,8,104,fcfs,327.0,353.28,327.0,16.793790300398996,586,621,657,1.0,0.0380517503805175,24,25
batch,8,104,sjf,243.28,269.56,243.28,8.638004525526265,577,617,657,1.0,0.0380517503805175,24,25
batch,8,104,srtf,243.28,269.56,243.28,8.638004525526265,577,617,657,1.0,0.0380517503805175,24,25
batch,8,104,rr,477.92,504.2,96.0,20.44192604296952,618,621,657,1.0,0.0380517503805175,91,92
batch,8,104,priority,313.04,339.32,313.04,15.271867218649827,609,646,657,1.0,0.0380517503805175,24,25
batch,8,104,hrrn,257.0,283.28,257.0,9.836348608696435,578,617,657,1.0,0.0380517503805175,24,25
batch,8,105,fcfs,331.24,360.12,331.24,13.911396960701316,646,682,722,1.0,0.03462603878116344,24,25
batch,8,105,sjf,279.08,307.96,279.08,9.140608468469209,642,682,722,1.0,0.03462603878116344,24,25
batch,8,105,srtf,279.08,307.96,279.08,9.140608468469209,642,682,722,1.0,0.03462603878116344,24,25
batch,8,105,rr,532.64,561.52,96.0,20.07033970297093,678,682,722,1.0,0.03462603878116344,98,99
batch,8,105,priority,335.88,364.76,335.88,14.099396527684448,652,686,722,1.0,0.03462603878116344,24,25
batch,8,105,hrrn,288.56,317.44,288.56,9.93000635933031,642,682,722,1.0,0.03462603878116344,24,25
batch,8,106,fcfs,290.6,313.12,290.6,16.804228080399135,520,544,563,1.0,0.04440497335701599,24,25
batch,8,106,sjf,207.28,229.8,207.28,8.765301023537866,487,523,563,1.0,0.04440497335701599,24,25
batch,8,106,srtf,207.28,229.8,207.28,8.765301023537866,487,523,563,1.0,0.04440497335701599,24,25
batch,8,106,rr,407.84,430.36,96.0,20.4258931799195,527,528,563,1.0,0.04440497335701599,79,80
batch,8,106,priority,264.44,286.96,264.44,14.615956299548404,520,544,563,1.0,0.04440497335701599,24,25
batch,8,106,hrrn,217.52,240.04,217.52,9.780259865865128,487,523,563,1.0,0.04440497335701599,24,25
batch,8,107,fcfs,304.12,326.92,304.12,18.150629477493133,539,551,570,1.0,0.043859649122807015,24,25
batch,8,107,sjf,211.72,234.52,211.72,8.91985091760268,491,530,570,1.0,0.043859649122807015,24,25
batch,8,107,srtf,211.72,234.52,211.72,8.91985091760268,491,530,570,1.0,0.043859649122807015,24,25
batch,8,107,rr,421.32,444.12,96.0,21.02558003625992,530,537,570,1.0,0.043859649122807015,80,81
batch,8,107,priority,274.88,297.68,274.88,15.199772051514923,519,558,570,1.0,0.043859649122807015,24,25
batch,8,107,hrrn,212.76,235.56,212.76,9.06376548342901,491,530,570,1.0,0.043859649122807015,24,25
batch,8,108,fcfs,280.24,304.32,280.24,14.887793517456055,551,563,602,1.0,0.04152823920265781,24,25
batch,8,108,sjf,218.0,242.08,218.0,8.68055458164127,524,563,602,1.0,0.04152823920265781,24,25
batch,8,108,srtf,218.0,242.08,218.0,8.68055458164127,524,563,602,1.0,0.04152823920265781,24,25
batch,8,108,rr,401.44,425.52,96.0,18.6556443001443,561,563,602,1.0,0.04152823920265781,82,83
batch,8,108,priority,268.12,292.2,268.12,13.867853709585908,530,563,602,1.0,0.04152823920265781,24,25
batch,8,108,hrrn,218.32,242.4,218.32,8.73073107181776,524,563,602,1.0,0.04152823920265781,24,25
batch,8,109,fcfs,310.96,336.48,310.96,15.155771305927384,602,623,638,1.0,0.03918495297805643,24,25
batch,8,109,sjf,244.28,269.8,244.28,9.125539698857303,559,598,638,1.0,0.03918495297805643,24,25
batch,8,109,srtf,244.28,269.8,244.28,9.125539698857303,559,598,638,1.0,0.03918495297805643,24,25
batch,8,109,rr,476.44,501.96,96.0,20.495975329704912,604,605,638,1.0,0.03918495297805643,89,90
batch,8,109,priority,301.04,326.56,301.04,14.376540901727836,586,624,638,1.0,0.03918495297805643,24,25
batch,8,109,hrrn,245.16,270.68,245.16,9.240670345987951,559,598,638,1.0,0.03918495297805643,24,25
batch,8,110,fcfs,335.8,362.08,335.8,16.07021727180653,617,640,657,1.0,0.0380517503805175,24,25
batch,8,110,sjf,257.56,283.84,257.56,9.426801303177262,578,617,657,1.0,0.0380517503805175,24,25
batch,8,110,srtf,257.56,283.84,257.56,9.426801303177262,578,617,657,1.0,0.0380517503805175,24,25
batch,8,110,rr,520.6,546.88,96.0,21.725500638667008,620,623,657,1.0,0.0380517503805175,93,94
batch,8,110,priority,318.36,344.64,318.36,14.828819119806973,582,617,657,1.0,0.0380517503805175,24,25
batch,8,110,hrrn,270.32,296.6,270.32,10.404935710216657,578,617,657,1.0,0.0380517503805175,24,25
batch,8,111,fcfs,330.44,357.16,330.44,15.86990075362123,590,628,668,1.0,0.0374251497005988,24,25
batch,8,111,sjf,260.64,287.36,260.64,9.323793266670029,589,628,668,1.0,0.0374251497005988,24,25
batch,8,111,srtf,260.64,287.36,260.64,9.323793266670029,589,628,668,1.0,0.0374251497005988,24,25
batch,8,111,rr,506.56,533.28,96.0,20.862040849602735,622,628,668,1.0,0.0374251497005988,91,92
batch,8,111,priority,325.16,351.88,325.16,15.394299765176639,592,630,668,1.0,0.0374251497005988,24,25
batch,8,111,hrrn,270.36,297.08,270.36,10.128533818836209,589,628,668,1.0,0.0374251497005988,24,25
batch,8,112,fcfs,314.2,338.32,314.2,17.42227607895807,573,585,603,1.0,0.04145936981757877,24,25
batch,8,112,sjf,234.48,258.6,234.48,9.228538796047621,531,565,603,1.0,0.04145936981757877,24,25
batch,8,112,srtf,234.48,258.6,234.48,9.228538796047621,531,565,603,1.0,0.04145936981757877,24,25
batch,8,112,rr,478.96,503.08,96.0,22.222431658576426,569,570,603,1.0,0.04145936981757877,87,88
batch,8,112,priority,289.36,313.48,289.36,14.560301843067652,563,580,603,1.0,0.04145936981757877,24,25
batch,8,112,hrrn,238.12,262.24,238.12,9.65365369485785,531,565,603,1.0,0.04145936981757877,24,25
batch,8,113,fcfs,277.24,300.56,277.24,14.412738777259056,556,572,583,1.0,0.04288164665523156,24,25
batch,8,113,sjf,220.6,243.92,220.6,8.95621869877392,508,545,583,1.0,0.04288164665523156,24,25
batch,8,113,srtf,220.6,243.92,220.6,8.95621869877392,508,545,583,1.0,0.04288164665523156,24,25
batch,8,113,rr,430.8,454.12,96.0,20.361992970589355,548,549,583,1.0,0.04288164665523156,83,84
batch,8,113,priority,307.24,330.56,307.24,17.72578963669573,557,568,583,1.0,0.04288164665523156,24,25
batch,8,113,hrrn,220.6,243.92,220.6,8.95621869877392,508,545,583,1.0,0.04288164665523156,24,25
batch,8,114,fcfs,291.52,317.36,291.52,13.301246071765485,606,618,646,1.0,0.03869969040247678,24,25
batch,8,114,sjf,245.8,271.64,245.8,8.992244395606129,567,606,646,1.0,0.03869969040247678,24,25
batch,8,114,srtf,245.8,271.64,245.8,8.992244395606129,567,606,646,1.0,0.03869969040247678,24,25
batch,8,114,rr,477.56,503.4,96.0,20.361681126491266,602,607,646,1.0,0.03869969040247678,91,92
batch,8,114,priority,316.52,342.36,316.52,15.331885712673762,597,627,646,1.0,0.03869969040247678,24,25
batch,8,114,hrrn,246.6,272.44,246.6,9.106762426594747,567,606,646,1.0,0.03869969040247678,24,25
batch,8,115,fcfs,303.76,329.84,303.76,14.377921892863816,597,615,652,1.0,0.03834355828220859,24,25
batch,8,115,sjf,248.4,274.48,248.4,8.986306215906684,574,612,652,1.0,0.03834355828220859,24,25
batch,8,115,srtf,248.4,274.48,248.4,8.986306215906684,574,612,652,1.0,0.03834355828220859,24,25
batch,8,115,rr,487.24,513.32,96.0,20.61391135405464,612,615,652,1.0,0.03834355828220859,93,94
batch,8,115,priority,293.72,319.8,293.72,13.226103298192374,592,619,652,1.0,0.03834355828220859,24,25
batch,8,115,hrrn,260.4,286.48,260.4,10.007374984775876,575,612,652,1.0,0.03834355828220859,24,25
batch,8,116,fcfs,301.04,324.48,301.04,16.921624108075353,546,568,586,1.0,0.042662116040955635,24,25
batch,8,116,sjf,214.68,238.12,214.68,8.666651503140365,506,546,586,1.0,0.042662116040955635,24,25
batch,8,116,srtf,214.68,238.12,214.68,8.666651503140365,506,546,586,1.0,0.042662116040955635,24,25
batch,8,116,rr,429.68,453.12,96.0,20.676760804147502,543,551,586,1.0,0.042662116040955635,83,84
batch,8,116,priority,273.2,296.64,273.2,14.349844893559945,546,570,586,1.0,0.042662116040955635,24,25
batch,8,116,hrrn,227.64,251.08,227.64,9.870728661512613,506,546,586,1.0,0.042662116040955635,24,25
batch,8,117,fcfs,283.88,307.52,283.88,15.241391191598586,552,581,591,1.0,0.04230118443316413,24,25
batch,8,117,sjf,225.68,249.32,225.68,9.150529690226286,513,551,591,1.0,0.04230118443316413,24,25
batch,8,117,srtf,225.68,249.32,225.68,9.150529690226286,513,551,591,1.0,0.04230118443316413,24,25
batch,8,117,rr,425.56,449.2,96.0,20.090693425724798,547,553,591,1.0,0.04230118443316413,80,81
batch,8,117,priority,281.2,304.84,281.2,14.492592324543228,549,562,591,1.0,0.04230118443316413,24,25
batch,8,117,hrrn,226.56,250.2,226.56,9.272506850321093,513,551,591,1.0,0.04230118443316413,24,25
batch,8,118,fcfs,329.16,356.68,329.16,14.65351326161063,635,651,688,1.0,0.036337209302325583,24,25
batch,8,118,sjf,272.52,300.04,272.52,9.49830531999262,611,649,688,1.0,0.036337209302325583,24,25
batch,8,118,srtf,272.52,300.04,272.52,9.49830531999262,611,649,688,1.0,0.036337209302325583,24,25
batch,8,118,rr,527.72,555.24,96.0,20.909912346849822,649,651,688,1.0,0.036337209302325583,95,96
batch,8,118,priority,340.36,367.88,340.36,15.42671518531618,640,654,688,1.0,0.036337209302325583,24,25
batch,8,118,hrrn,278.44,305.96,278.44,10.02012622263379,611,649,688,1.0,0.036337209302325583,24,25
batch,8,119,fcfs,332.68,359.8,332.68,15.632729855976883,629,651,678,1.0,0.03687315634218289,24,25
batch,8,119,sjf,258.48,285.6,258.48,9.012675232291631,598,638,678,1.0,0.03687315634218289,24,25
batch,8,119,srtf,258.48,285.6,258.48,9.012675232291631,598,638,678,1.0,0.03687315634218289,24,25
batch,8,119,rr,491.08,518.2,96.0,19.649925295665234,632,640,678,1.0,0.03687315634218289,91,92
batch,8,119,priority,323.36,350.48,323.36,14.639407259218803,616,651,678,1.0,0.03687315634218289,24,25
batch,8,119,hrrn,270.44,297.56,270.44,9.995499890899222,598,638,678,1.0,0.03687315634218289,24,25
interactive,1,100,fcfs,18.32,21.72,18.32,9.338,30,32,86,0.9883720930232558,0.29069767441860467,24,25
interactive,1,100,sjf,11.28,14.68,11.28,3.5973333333333333,47,47,86,0.9883720930232558,0.29069767441860467,24,25
interactive,1,100,srtf,10.8,14.2,10.28,3.1053333333333337,47,47,86,0.9883720930232558,0.29069767441860467,28,37
interactive,1,100,rr,22.12,25.52,5.48,7.4606666666666674,48,50,86,0.9883720930232558,0.29069767441860467,79,85
interactive,1,100,priority,20.28,23.68,20.28,11.509333333333334,62,65,86,0.9883720930232558,0.29069767441860467,24,25
interactive,1,100,hrrn,13.84,17.24,13.84,5.335333333333333,32,37,86,0.9883720930232558,0.29069767441860467,24,25
interactive,1,101,fcfs,12.8,16.04,12.8,7.004,27,30,81,1.0,0.30864197530864196,24,25
interactive,1,101,sjf,8.36,11.6,8.36,3.1566666666666667,38,43,81,1.0,0.30864197530864196,24,25
interactive,1,101,srtf,8.04,11.28,7.76,2.753333333333333,38,43,81,1.0,0.30864197530864196,28,42
interactive,1,101,rr,15.8,19.04,4.48,5.949333333333333,32,41,81,1.0,0.30864197530864196,78,81
interactive,1,101,priority,16.16,19.4,16.16,10.675999999999998,52,54,81,1.0,0.30864197530864196,24,25
interactive,1,101,hrrn,10.36,13.6,10.36,4.522,28,28,81,1.0,0.30864197530864196,24,25
interactive,1,102,fcfs,25.84,29.56,25.84,12.215333333333334,46,46,97,0.9587628865979382,0.25773195876288657,24,25
interactive,1,102,sjf,16.08,19.8,16.08,4.126,57,59,97,0.9587628865979382,0.25773195876288657,24,25
interactive,1,102,srtf,16.04,19.76,15.96,4.086,57,59,97,0.9587628865979382,0.25773195876288657,25,36
interactive,1,102,rr,33.24,36.96,7.84,10.319333333333335,61,62,97,0.9587628865979382,0.25773195876288657,88,93
interactive,1,102,priority,22.08,25.8,22.08,8.427333333333333,62,66,97,0.9587628865979382,0.25773195876288657,24,25
interactive,1,102,hrrn,19.2,22.92,19.2,6.164,46,57,97,0.9587628865979382,0.25773195876288657,24,25
interactive,1,103,fcfs,11.48,14.72,11.48,5.698666666666667,30,34,88,0.9204545454545454,0.2840909090909091,21,25
interactive,1,103,sjf,8.6,11.84,8.6,3.0566666666666666,34,36,88,0.9204545454545454,0.2840909090909091,21,25
interactive,1,103,srtf,8.56,11.8,8.52,2.99,34,36,88,0.9204545454545454,0.2840909090909091,22,33
interactive,1,103,rr,15.0,18.24,4.4,5.482666666666667,36,38,88,0.9204545454545454,0.2840909090909091,73,81
interactive,1,103,priority,14.08,17.32,14.08,7.894666666666667,42,44,88,0.9204545454545454,0.2840909090909091,21,25
interactive,1,103,hrrn,9.4,12.64,9.4,3.7893333333333334,28,36,88,0.9204545454545454,0.2840909090909091,21,25
interactive,1,104,fcfs,10.76,13.48,10.76,6.362666666666667,22,23,72,0.9444444444444444,0.3472222222222222,22,25
interactive,1,104,sjf,6.4,9.12,6.4,2.748666666666667,43,50,72,0.9444444444444444,0.3472222222222222,22,25
interactive,1,104,srtf,6.12,8.84,5.92,2.372666666666667,43,50,72,0.9444444444444444,0.3472222222222222,26,36
interactive,1,104,rr,12.68,15.4,3.76,5.031333333333333,33,36,72,0.9444444444444444,0.3472222222222222,64,68
interactive,1,104,priority,13.12,15.84,13.12,9.025333333333332,51,55,72,0.9444444444444444,0.3472222222222222,22,25
interactive,1,104,hrrn,8.12,10.84,8.12,3.855333333333333,23,23,72,0.9444444444444444,0.3472222222222222,22,25
interactive,1,105,fcfs,15.48,18.64,15.48,8.584,31,32,83,0.9518072289156626,0.30120481927710846,23,25
interactive,1,105,sjf,9.56,12.72,9.56,3.3680000000000003,43,46,83,0.9518072289156626,0.30120481927710846,23,25
interactive,1,105,srtf,9.32,12.48,9.04,3.1346666666666665,43,46,83,0.9518072289156626,0.30120481927710846,26,33
interactive,1,105,rr,18.4,21.56,5.04,7.003333333333334,43,44,83,0.9518072289156626,0.30120481927710846,74,79
interactive,1,105,priority,14.56,17.72,14.56,7.5760000000000005,37,50,83,0.9518072289156626,0.30120481927710846,23,25
interactive,1,105,hrrn,11.72,14.88,11.72,4.998,35,37,83,0.9518072289156626,0.30120481927710846,23,25
interactive,1,106,fcfs,21.64,25.32,21.64,8.220666666666666,39,39,94,0.9787234042553191,0.26595744680851063,24,25
interactive,1,106,sjf,15.92,19.6,15.92,4.288,54,59,94,0.9787234042553191,0.26595744680851063,24,25
interactive,1,106,srtf,15.8,19.48,15.52,4.174666666666667,54,59,94,0.9787234042553191,0.26595744680851063,27,35
interactive,1,106,rr,30.36,34.04,7.04,9.058666666666667,58,61,94,0.9787234042553191,0.26595744680851063,87,92
interactive,1,106,priority,19.72,23.4,19.72,6.665333333333333,56,57,94,0.9787234042553191,0.26595744680851063,24,25
interactive,1,106,hrrn,18.72,22.4,18.72,6.010666666666667,40,43,94,0.9787234042553191,0.26595744680851063,24,25
interactive,1,107,fcfs,18.04,21.56,18.04,7.318,34,39,93,0.946236559139785,0.26881720430107525,23,25
interactive,1,107,sjf,12.92,16.44,12.92,3.796666666666667,41,50,93,0.946236559139785,0.26881720430107525,23,25
interactive,1,107,srtf,12.84,16.36,12.76,3.73,41,50,93,0.946236559139785,0.26881720430107525,24,37
interactive,1,107,rr,24.32,27.84,6.2,7.921333333333333,48,54,93,0.946236559139785,0.26881720430107525,82,88
interactive,1,107,priority,18.4,21.92,18.4,7.95,69,73,93,0.946236559139785,0.26881720430107525,23,25
interactive,1,107,hrrn,15.04,18.56,15.04,5.118666666666667,36,38,93,0.946236559139785,0.26881720430107525,23,25
interactive,1,108,fcfs,21.64,25.24,21.64,10.101333333333333,38,40,95,0.9473684210526315,0.2631578947368421,24,25
interactive,1,108,sjf,13.96,17.56,13.96,4.074,53,56,95,0.9473684210526315,0.2631578947368421,24,25
interactive,1,108,srtf,13.36,16.96,12.88,3.37,53,56,95,0.9473684210526315,0.2631578947368421,27,39
interactive,1,108,rr,27.6,31.2,6.88,8.546,52,55,95,0.9473684210526315,0.2631578947368421,89,90
interactive,1,108,priority,19.76,23.36,19.76,9.146,57,59,95,0.9473684210526315,0.2631578947368421,24,25
interactive,1,108,hrrn,16.76,20.36,16.76,5.830666666666666,39,43,95,0.9473684210526315,0.2631578947368421,24,25
interactive,1,109,fcfs,16.24,19.64,16.24,8.209333333333333,32,36,90,0.9444444444444444,0.2777777777777778,23,25
interactive,1,109,sjf,10.36,13.76,10.36,3.188,36,39,90,0.9444444444444444,0.2777777777777778,23,25
interactive,1,109,srtf,10.2,13.6,9.6,3.001333333333333,36,39,90,0.9444444444444444,0.2777777777777778,27,39
interactive,1,109,rr,20.56,23.96,5.12,6.961333333333333,44,45,90,0.9444444444444444,0.2777777777777778,82,85
interactive,1,109,priority,16.72,20.12,16.72,7.862,53,67,90,0.9444444444444444,0.2777777777777778,23,25
interactive,1,109,hrrn,11.76,15.16,11.76,4.328,36,36,90,0.9444444444444444,0.2777777777777778,23,25
interactive,1,110,fcfs,24.32,28.28,24.32,7.7093333333333325,47,50,102,0.9705882352941176,0.24509803921568626,23,25
interactive,1,110,sjf,19.48,23.44,19.48,4.8966666666666665,61,64,102,0.9705882352941176,0.24509803921568626,23,25
interactive,1,110,srtf,19.32,23.28,19.12,4.736666666666666,61,64,102,0.9705882352941176,0.24509803921568626,25,38
interactive,1,110,rr,36.44,40.4,6.88,9.604,68,68,102,0.9705882352941176,0.24509803921568626,94,99
interactive,1,110,priority,30.36,34.32,30.36,12.699333333333334,68,86,102,0.9705882352941176,0.24509803921568626,23,25
interactive,1,110,hrrn,21.64,25.6,21.64,6.02,50,59,102,0.9705882352941176,0.24509803921568626,23,25
interactive,1,111,fcfs,20.28,24.36,20.28,6.811333333333334,49,52,103,0.9902912621359223,0.24271844660194175,24,25
interactive,1,111,sjf,16.16,20.24,16.16,4.075333333333334,48,53,103,0.9902912621359223,0.24271844660194175,24,25
interactive,1,111,srtf,16.12,20.2,16.04,4.035333333333334,48,53,103,0.9902912621359223,0.24271844660194175,25,40
interactive,1,111,rr,30.6,34.68,5.32,7.8053333333333335,60,61,103,0.9902912621359223,0.24271844660194175,99,102
interactive,1,111,priority,23.2,27.28,23.2,9.028666666666666,61,64,103,0.9902912621359223,0.24271844660194175,24,25
interactive,1,111,hrrn,18.0,22.08,18.0,5.132666666666666,48,53,103,0.9902912621359223,0.24271844660194175,24,25
interactive,1,112,fcfs,22.8,26.2,22.8,10.416666666666668,41,43,94,0.9042553191489362,0.26595744680851063,23,25
interactive,1,112,sjf,15.44,18.84,15.44,4.23,51,52,94,0.9042553191489362,0.26595744680851063,23,25
interactive,1,112,srtf,15.4,18.8,15.32,4.19,51,52,94,0.9042553191489362,0.26595744680851063,24,36
interactive,1,112,rr,30.28,33.68,7.96,9.880666666666666,56,58,94,0.9042553191489362,0.26595744680851063,82,85
interactive,1,112,priority,23.12,26.52,23.12,9.418666666666667,64,65,94,0.9042553191489362,0.26595744680851063,23,25
interactive,1,112,hrrn,18.32,21.72,18.32,6.158666666666667,43,45,94,0.9042553191489362,0.26595744680851063,23,25
interactive,1,113,fcfs,18.04,21.52,18.04,8.666,34,36,88,0.9886363636363636,0.2840909090909091,24,25
interactive,1,113,sjf,11.68,15.16,11.68,3.554,59,63,88,0.9886363636363636,0.2840909090909091,24,25
interactive,1,113,srtf,11.4,14.88,10.76,3.286,59,63,88,0.9886363636363636,0.2840909090909091,27,38
interactive,1,113,rr,23.56,27.04,5.96,7.92,47,49,88,0.9886363636363636,0.2840909090909091,86,87
interactive,1,113,priority,17.72,21.2,17.72,8.196666666666665,69,77,88,0.9886363636363636,0.2840909090909091,24,25
interactive,1,113,hrrn,14.88,18.36,14.88,5.654666666666667,36,38,88,0.9886363636363636,0.2840909090909091,24,25
interactive,1,114,fcfs,19.28,22.52,19.28,11.644,32,36,88,0.9204545454545454,0.2840909090909091,24,25
interactive,1,114,sjf,11.08,14.32,11.08,3.718,46,49,88,0.9204545454545454,0.2840909090909091,24,25
interactive,1,114,srtf,10.76,14.0,10.48,3.25,46,49,88,0.9204545454545454,0.2840909090909091,28,36
interactive,1,114,rr,21.52,24.76,6.16,7.807333333333333,47,48,88,0.9204545454545454,0.2840909090909091,79,81
interactive,1,114,priority,22.0,25.24,22.0,13.589333333333334,63,67,88,0.9204545454545454,0.2840909090909091,24,25
interactive,1,114,hrrn,13.68,16.92,13.68,5.741333333333333,30,35,88,0.9204545454545454,0.2840909090909091,24,25
interactive,1,115,fcfs,17.44,21.28,17.44,6.677333333333333,37,40,96,1.0,0.2604166666666667,24,25
interactive,1,115,sjf,12.76,16.6,12.76,3.51,47,51,96,1.0,0.2604166666666667,24,25
interactive,1,115,srtf,12.72,16.56,12.6,3.4806666666666666,47,51,96,1.0,0.2604166666666667,25,36
interactive,1,115,rr,24.64,28.48,5.6,7.380666666666667,46,49,96,1.0,0.2604166666666667,93,96
interactive,1,115,priority,17.16,21.0,17.16,6.030666666666667,55,64,96,1.0,0.2604166666666667,24,25
interactive,1,115,hrrn,15.12,18.96,15.12,4.968,40,41,96,1.0,0.2604166666666667,24,25
interactive,1,116,fcfs,18.28,22.16,18.28,7.510666666666667,39,43,99,0.9797979797979798,0.25252525252525254,24,25
interactive,1,116,sjf,13.44,17.32,13.44,3.6826666666666665,43,56,99,0.9797979797979798,0.25252525252525254,24,25
interactive,1,116,srtf,13.4,17.28,13.16,3.6526666666666667,43,56,99,0.9797979797979798,0.25252525252525254,26,38
interactive,1,116,rr,26.12,30.0,6.0,7.8966666666666665,48,50,99,0.9797979797979798,0.25252525252525254,94,97
interactive,1,116,priority,20.0,23.88,20.0,8.726,55,58,99,0.9797979797979798,0.25252525252525254,24,25
interactive,1,116,hrrn,15.36,19.24,15.36,4.980666666666667,39,43,99,0.9797979797979798,0.25252525252525254,24,25
interactive,1,117,fcfs,15.76,18.96,15.76,8.468666666666667,29,32,85,0.9411764705882353,0.29411764705882354,23,25
interactive,1,117,sjf,10.32,13.52,10.32,3.3893333333333335,41,43,85,0.9411764705882353,0.29411764705882354,23,25
interactive,1,117,srtf,10.28,13.48,10.24,3.3226666666666667,41,43,85,0.9411764705882353,0.29411764705882354,24,39
interactive,1,117,rr,19.6,22.8,5.6,7.240666666666666,46,46,85,0.9411764705882353,0.29411764705882354,76,80
interactive,1,117,priority,16.36,19.56,16.36,8.463333333333333,42,46,85,0.9411764705882353,0.29411764705882354,23,25
interactive,1,117,hrrn,11.88,15.08,11.88,4.712,32,38,85,0.9411764705882353,0.29411764705882354,23,25
interactive,1,118,fcfs,11.84,14.76,11.84,7.542000000000001,21,21,74,0.9864864864864865,0.33783783783783783,23,25
interactive,1,118,sjf,7.04,9.96,7.04,2.6253333333333337,23,23,74,0.9864864864864865,0.33783783783783783,23,25
interactive,1,118,srtf,7.0,9.92,6.92,2.5813333333333333,23,23,74,0.9864864864864865,0.33783783783783783,24,36
interactive,1,118,rr,13.64,16.56,4.32,5.723333333333334,31,32,74,0.9864864864864865,0.33783783783783783,65,73
interactive,1,118,priority,11.4,14.32,11.4,7.018666666666666,46,55,74,0.9864864864864865,0.33783783783783783,23,25
interactive,1,118,hrrn,8.72,11.64,8.72,4.322,21,23,74,0.9864864864864865,0.33783783783783783,23,25
interactive,1,119,fcfs,27.0,31.12,27.0,9.381333333333334,55,56,106,0.9716981132075472,0.2358490566037736,22,25
interactive,1,119,sjf,21.24,25.36,21.24,5.066666666666666,62,67,106,0.9716981132075472,0.2358490566037736,22,25
interactive,1,119,srtf,21.12,25.24,20.96,4.956,62,67,106,0.9716981132075472,0.2358490566037736,24,36
interactive,1,119,rr,39.96,44.08,7.44,10.218,69,70,106,0.9716981132075472,0.2358490566037736,95,103
interactive,1,119,priority,29.44,33.56,29.44,9.659333333333334,78,78,106,0.9716981132075472,0.2358490566037736,22,25
interactive,1,119,hrrn,23.24,27.36,23.24,6.230666666666666,53,57,106,0.9716981132075472,0.2358490566037736,22,25
interactive,3,100,fcfs,18.32,21.72,18.32,9.338,30,32,86,0.9883720930232558,0.29069767441860467,24,25
interactive,3,100,sjf,11.28,14.68,11.28,3.5973333333333333,47,47,86,0.9883720930232558,0.29069767441860467,24,25
interactive,3,100,srtf,10.8,14.2,10.28,3.1053333333333337,47,47,86,0.9883720930232558,0.29069767441860467,28,37
interactive,3,100,rr,19.76,23.16,13.52,8.307333333333334,37,43,86,0.9883720930232558,0.29069767441860467,34,36
interactive,3,100,priority,20.28,23.68,20.28,11.509333333333334,62,65,86,0.9883720930232558,0.29069767441860467,24,25
interactive,3,100,hrrn,13.84,17.24,13.84,5.335333333333333,32,37,86,0.9883720930232558,0.29069767441860467,24,25
interactive,3,101,fcfs,12.8,16.04,12.8,7.004,27,30,81,1.0,0.30864197530864196,24,25
interactive,3,101,sjf,8.36,11.6,8.36,3.1566666666666667,38,43,81,1.0,0.30864197530864196,24,25
interactive,3,101,srtf,8.04,11.28,7.76,2.753333333333333,38,43,81,1.0,0.30864197530864196,28,42
interactive,3,101,rr,14.88,18.12,9.92,6.68,31,32,81,1.0,0.30864197530864196,36,37
interactive,3,101,priority,16.16,19.4,16.16,10.675999999999998,52,54,81,1.0,0.30864197530864196,24,25
interactive,3,101,hrrn,10.36,13.6,10.36,4.522,28,28,81,1.0,0.30864197530864196,24,25
interactive,3,102,fcfs,25.84,29.56,25.84,12.215333333333334,46,46,97,0.9587628865979382,0.25773195876288657,24,25
interactive,3,102,sjf,16.08,19.8,16.08,4.126,57,59,97,0.9587628865979382,0.25773195876288657,24,25
interactive,3,102,srtf,16.04,19.76,15.96,4.086,57,59,97,0.9587628865979382,0.25773195876288657,25,36
interactive,3,102,rr,31.64,35.36,18.72,11.918,54,54,97,0.9587628865979382,0.25773195876288657,38,40
interactive,3,102,priority,22.08,25.8,22.08,8.427333333333333,62,66,97,0.9587628865979382,0.25773195876288657,24,25
interactive,3,102,hrrn,19.2,22.92,19.2,6.164,46,57,97,0.9587628865979382,0.25773195876288657,24,25
interactive,3,103,fcfs,11.48,14.72,11.48,5.698666666666667,30,34,88,0.9204545454545454,0.2840909090909091,21,25
interactive,3,103,sjf,8.6,11.84,8.6,3.0566666666666666,34,36,88,0.9204545454545454,0.2840909090909091,21,25
interactive,3,103,srtf,8.56,11.8,8.52,2.99,34,36,88,0.9204545454545454,0.2840909090909091,22,33
interactive,3,103,rr,13.48,16.72,9.04,5.6066666666666665,33,34,88,0.9204545454545454,0.2840909090909091,31,35
interactive,3,103,priority,14.08,17.32,14.08,7.894666666666667,42,44,88,0.9204545454545454,0.2840909090909091,21,25
interactive,3,103,hrrn,9.4,12.64,9.4,3.7893333333333334,28,36,88,0.9204545454545454,0.2840909090909091,21,25
interactive,3,104,fcfs,10.76,13.48,10.76,6.362666666666667,22,23,72,0.9444444444444444,0.3472222222222222,22,25
interactive,3,104,sjf,6.4,9.12,6.4,2.748666666666667,43,50,72,0.9444444444444444,0.3472222222222222,22,25
interactive,3,104,srtf,6.12,8.84,5.92,2.372666666666667,43,50,72,0.9444444444444444,0.3472222222222222,26,36
interactive,3,104,rr,11.56,14.28,8.24,5.712666666666666,27,31,72,0.9444444444444444,0.3472222222222222,30,33
interactive,3,104,priority,13.12,15.84,13.12,9.025333333333332,51,55,72,0.9444444444444444,0.3472222222222222,22,25
interactive,3,104,hrrn,8.12,10.84,8.12,3.855333333333333,23,23,72,0.9444444444444444,0.3472222222222222,22,25
interactive,3,105,fcfs,15.48,18.64,15.48,8.584,31,32,83,0.9518072289156626,0.30120481927710846,23,25
interactive,3,105,sjf,9.56,12.72,9.56,3.3680000000000003,43,46,83,0.9518072289156626,0.30120481927710846,23,25
interactive,3,105,srtf,9.32,12.48,9.04,3.1346666666666665,43,46,83,0.9518072289156626,0.30120481927710846,26,33
interactive,3,105,rr,17.28,20.44,11.56,7.864666666666667,38,41,83,0.9518072289156626,0.30120481927710846,32,34
interactive,3,105,priority,14.56,17.72,14.56,7.5760000000000005,37,50,83,0.9518072289156626,0.30120481927710846,23,25
interactive,3,105,hrrn,11.72,14.88,11.72,4.998,35,37,83,0.9518072289156626,0.30120481927710846,23,25
interactive,3,106,fcfs,21.64,25.32,21.64,8.220666666666666,39,39,94,0.9787234042553191,0.26595744680851063,24,25
interactive,3,106,sjf,15.92,19.6,15.92,4.288,54,59,94,0.9787234042553191,0.26595744680851063,24,25
interactive,3,106,srtf,15.8,19.48,15.52,4.174666666666667,54,59,94,0.9787234042553191,0.26595744680851063,27,35
interactive,3,106,rr,27.48,31.16,16.0,8.781333333333333,50,50,94,0.9787234042553191,0.26595744680851063,38,39
interactive,3,106,priority,19.72,23.4,19.72,6.665333333333333,56,57,94,0.9787234042553191,0.26595744680851063,24,25
interactive,3,106,hrrn,18.72,22.4,18.72,6.010666666666667,40,43,94,0.9787234042553191,0.26595744680851063,24,25
interactive,3,107,fcfs,18.04,21.56,18.04,7.318,34,39,93,0.946236559139785,0.26881720430107525,23,25
interactive,3,107,sjf,12.92,16.44,12.92,3.796666666666667,41,50,93,0.946236559139785,0.26881720430107525,23,25
interactive,3,107,srtf,12.84,16.36,12.76,3.73,41,50,93,0.946236559139785,0.26881720430107525,24,37
interactive,3,107,rr,19.8,23.32,14.32,6.983333333333333,41,48,93,0.946236559139785,0.26881720430107525,32,34
interactive,3,107,priority,18.4,21.92,18.4,7.95,69,73,93,0.946236559139785,0.26881720430107525,23,25
interactive,3,107,hrrn,15.04,18.56,15.04,5.118666666666667,36,38,93,0.946236559139785,0.26881720430107525,23,25
interactive,3,108,fcfs,21.64,25.24,21.64,10.101333333333333,38,40,95,0.9473684210526315,0.2631578947368421,24,25
interactive,3,108,sjf,13.96,17.56,13.96,4.074,53,56,95,0.9473684210526315,0.2631578947368421,24,25
interactive,3,108,srtf,13.36,16.96,12.88,3.37,53,56,95,0.9473684210526315,0.2631578947368421,27,39
interactive,3,108,rr,24.56,28.16,15.68,9.21,46,47,95,0.9473684210526315,0.2631578947368421,37,38
interactive,3,108,priority,19.76,23.36,19.76,9.146,57,59,95,0.9473684210526315,0.2631578947368421,24,25
interactive,3,108,hrrn,16.76,20.36,16.76,5.830666666666666,39,43,95,0.9473684210526315,0.2631578947368421,24,25
interactive,3,109,fcfs,16.24,19.64,16.24,8.209333333333333,32,36,90,0.9444444444444444,0.2777777777777778,23,25
interactive,3,109,sjf,10.36,13.76,10.36,3.188,36,39,90,0.9444444444444444,0.2777777777777778,23,25
interactive,3,109,srtf,10.2,13.6,9.6,3.001333333333333,36,39,90,0.9444444444444444,0.2777777777777778,27,39
interactive,3,109,rr,17.6,21.0,12.2,7.418666666666667,38,41,90,0.9444444444444444,0.2777777777777778,33,35
interactive,3,109,priority,16.72,20.12,16.72,7.862,53,67,90,0.9444444444444444,0.2777777777777778,23,25
interactive,3,109,hrrn,11.76,15.16,11.76,4.328,36,36,90,0.9444444444444444,0.2777777777777778,23,25
interactive,3,110,fcfs,24.32,28.28,24.32,7.7093333333333325,47,50,102,0.9705882352941176,0.24509803921568626,23,25
interactive,3,110,sjf,19.48,23.44,19.48,4.8966666666666665,61,64,102,0.9705882352941176,0.24509803921568626,23,25
interactive,3,110,srtf,19.32,23.28,19.12,4.736666666666666,61,64,102,0.9705882352941176,0.24509803921568626,25,38
interactive,3,110,rr,32.32,36.28,16.76,8.772666666666666,56,60,102,0.9705882352941176,0.24509803921568626,38,41
interactive,3,110,priority,30.36,34.32,30.36,12.699333333333334,68,86,102,0.9705882352941176,0.24509803921568626,23,25
interactive,3,110,hrrn,21.64,25.6,21.64,6.02,50,59,102,0.9705882352941176,0.24509803921568626,23,25
interactive,3,111,fcfs,20.28,24.36,20.28,6.811333333333334,49,52,103,0.9902912621359223,0.24271844660194175,24,25
interactive,3,111,sjf,16.16,20.24,16.16,4.075333333333334,48,53,103,0.9902912621359223,0.24271844660194175,24,25
interactive,3,111,srtf,16.12,20.2,16.04,4.035333333333334,48,53,103,0.9902912621359223,0.24271844660194175,25,40
interactive,3,111,rr,27.88,31.96,13.16,7.736000000000001,52,52,103,0.9902912621359223,0.24271844660194175,41,42
interactive,3,111,priority,23.2,27.28,23.2,9.028666666666666,61,64,103,0.9902912621359223,0.24271844660194175,24,25
interactive,3,111,hrrn,18.0,22.08,18.0,5.132666666666666,48,53,103,0.9902912621359223,0.24271844660194175,24,25
interactive,3,112,fcfs,22.8,26.2,22.8,10.416666666666668,41,43,94,0.9042553191489362,0.26595744680851063,23,25
interactive,3,112,sjf,15.44,18.84,15.44,4.23,51,52,94,0.9042553191489362,0.26595744680851063,23,25
interactive,3,112,srtf,15.4,18.8,15.32,4.19,51,52,94,0.9042553191489362,0.26595744680851063,24,36
interactive,3,112,rr,27.04,30.44,17.48,10.191333333333333,51,52,94,0.9042553191489362,0.26595744680851063,35,37
interactive,3,112,priority,23.12,26.52,23.12,9.418666666666667,64,65,94,0.9042553191489362,0.26595744680851063,23,25
interactive,3,112,hrrn,18.32,21.72,18.32,6.158666666666667,43,45,94,0.9042553191489362,0.26595744680851063,23,25
interactive,3,113,fcfs,18.04,21.52,18.04,8.666,34,36,88,0.9886363636363636,0.2840909090909091,24,25
interactive,3,113,sjf,11.68,15.16,11.68,3.554,59,63,88,0.9886363636363636,0.2840909090909091,24,25
interactive,3,113,srtf,11.4,14.88,10.76,3.286,59,63,88,0.9886363636363636,0.2840909090909091,27,38
interactive,3,113,rr,20.76,24.24,14.04,8.33,38,42,88,0.9886363636363636,0.2840909090909091,37,38
interactive,3,113,priority,17.72,21.2,17.72,8.196666666666665,69,77,88,0.9886363636363636,0.2840909090909091,24,25
interactive,3,113,hrrn,14.88,18.36,14.88,5.654666666666667,36,38,88,0.9886363636363636,0.2840909090909091,24,25
interactive,3,114,fcfs,19.28,22.52,19.28,11.644,32,36,88,0.9204545454545454,0.2840909090909091,24,25
interactive,3,114,sjf,11.08,14.32,11.08,3.718,46,49,88,0.9204545454545454,0.2840909090909091,24,25
interactive,3,114,srtf,10.76,14.0,10.48,3.25,46,49,88,0.9204545454545454,0.2840909090909091,28,36
interactive,3,114,rr,21.12,24.36,14.08,10.082,37,37,88,0.9204545454545454,0.2840909090909091,36,37
interactive,3,114,priority,22.0,25.24,22.0,13.589333333333334,63,67,88,0.9204545454545454,0.2840909090909091,24,25
interactive,3,114,hrrn,13.68,16.92,13.68,5.741333333333333,30,35,88,0.9204545454545454,0.2840909090909091,24,25
interactive,3,115,fcfs,17.44,21.28,17.44,6.677333333333333,37,40,96,1.0,0.2604166666666667,24,25
interactive,3,115,sjf,12.76,16.6,12.76,3.51,47,51,96,1.0,0.2604166666666667,24,25
interactive,3,115,srtf,12.72,16.56,12.6,3.4806666666666666,47,51,96,1.0,0.2604166666666667,25,36
interactive,3,115,rr,20.2,24.04,13.16,6.572,40,43,96,1.0,0.2604166666666667,37,38
interactive,3,115,priority,17.16,21.0,17.16,6.030666666666667,55,64,96,1.0,0.2604166666666667,24,25
interactive,3,115,hrrn,15.12,18.96,15.12,4.968,40,41,96,1.0,0.2604166666666667,24,25
interactive,3,116,fcfs,18.28,22.16,18.28,7.510666666666667,39,43,99,0.9797979797979798,0.25252525252525254,24,25
interactive,3,116,sjf,13.44,17.32,13.44,3.6826666666666665,43,56,99,0.9797979797979798,0.25252525252525254,24,25
interactive,3,116,srtf,13.4,17.28,13.16,3.6526666666666667,43,56,99,0.9797979797979798,0.25252525252525254,26,38
interactive,3,116,rr,23.32,27.2,13.64,7.937333333333333,46,48,99,0.9797979797979798,0.25252525252525254,40,41
interactive,3,116,priority,20.0,23.88,20.0,8.726,55,58,99,0.9797979797979798,0.25252525252525254,24,25
interactive,3,116,hrrn,15.36,19.24,15.36,4.980666666666667,39,43,99,0.9797979797979798,0.25252525252525254,24,25
interactive,3,117,fcfs,15.76,18.96,15.76,8.468666666666667,29,32,85,0.9411764705882353,0.29411764705882354,23,25
interactive,3,117,sjf,10.32,13.52,10.32,3.3893333333333335,41,43,85,0.9411764705882353,0.29411764705882354,23,25
interactive,3,117,srtf,10.28,13.48,10.24,3.3226666666666667,41,43,85,0.9411764705882353,0.29411764705882354,24,39
interactive,3,117,rr,18.56,21.76,12.16,8.082666666666666,40,42,85,0.9411764705882353,0.29411764705882354,33,35
interactive,3,117,priority,16.36,19.56,16.36,8.463333333333333,42,46,85,0.9411764705882353,0.29411764705882354,23,25
interactive,3,117,hrrn,11.88,15.08,11.88,4.712,32,38,85,0.9411764705882353,0.29411764705882354,23,25
interactive,3,118,fcfs,11.84,14.76,11.84,7.542000000000001,21,21,74,0.9864864864864865,0.33783783783783783,23,25
interactive,3,118,sjf,7.04,9.96,7.04,2.6253333333333337,23,23,74,0.9864864864864865,0.33783783783783783,23,25
interactive,3,118,srtf,7.0,9.92,6.92,2.5813333333333333,23,23,74,0.9864864864864865,0.33783783783783783,24,36
interactive,3,118,rr,13.08,16.0,9.16,6.8839999999999995,25,25,74,0.9864864864864865,0.33783783783783783,32,35
interactive,3,118,priority,11.4,14.32,11.4,7.018666666666666,46,55,74,0.9864864864864865,0.33783783783783783,23,25
interactive,3,118,hrrn,8.72,11.64,8.72,4.322,21,23,74,0.9864864864864865,0.33783783783783783,23,25
interactive,3,119,fcfs,27.0,31.12,27.0,9.381333333333334,55,56,106,0.9716981132075472,0.2358490566037736,22,25
interactive,3,119,sjf,21.24,25.36,21.24,5.066666666666666,62,67,106,0.9716981132075472,0.2358490566037736,22,25
interactive,3,119,srtf,21.12,25.24,20.96,4.956,62,67,106,0.9716981132075472,0.2358490566037736,24,36
interactive,3,119,rr,35.12,39.24,17.88,9.827333333333334,61,63,106,0.9716981132075472,0.2358490566037736,38,42
interactive,3,119,priority,29.44,33.56,29.44,9.659333333333334,78,78,106,0.9716981132075472,0.2358490566037736,22,25
interactive,3,119,hrrn,23.24,27.36,23.24,6.230666666666666,53,57,106,0.9716981132075472,0.2358490566037736,22,25
interactive,8,100,fcfs,18.32,21.72,18.32,9.338,30,32,86,0.9883720930232558,0.29069767441860467,24,25
interactive,8,100,sjf,11.28,14.68,11.28,3.5973333333333333,47,47,86,0.9883720930232558,0.29069767441860467,24,25
interactive,8,100,srtf,10.8,14.2,10.28,3.1053333333333337,47,47,86,0.9883720930232558,0.29069767441860467,28,37
interactive,8,100,rr,18.32,21.72,18.32,9.338,30,32,86,0.9883720930232558,0.29069767441860467,24,25
interactive,8,100,priority,20.28,23.68,20.28,11.509333333333334,62,65,86,0.9883720930232558,0.29069767441860467,24,25
interactive,8,100,hrrn,13.84,17.24,13.84,5.335333333333333,32,37,86,0.9883720930232558,0.29069767441860467,24,25
interactive,8,101,fcfs,12.8,16.04,12.8,7.004,27,30,81,1.0,0.30864197530864196,24,25
interactive,8,101,sjf,8.36,11.6,8.36,3.1566666666666667,38,43,81,1.0,0.30864197530864196,24,25
interactive,8,101,srtf,8.04,11.28,7.76,2.753333333333333,38,43,81,1.0,0.30864197530864196,28,42
interactive,8,101,rr,12.8,16.04,12.8,7.004,27,30,81,1.0,0.30864197530864196,24,25
interactive,8,101,priority,16.16,19.4,16.16,10.675999999999998,52,54,81,1.0,0.30864197530864196,24,25
interactive,8,101,hrrn,10.36,13.6,10.36,4.522,28,28,81,1.0,0.30864197530864196,24,25
interactive,8,102,fcfs,25.84,29.56,25.84,12.215333333333334,46,46,97,0.9587628865979382,0.25773195876288657,24,25
interactive,8,102,sjf,16.08,19.8,16.08,4.126,57,59,97,0.9587628865979382,0.25773195876288657,24,25
interactive,8,102,srtf,16.04,19.76,15.96,4.086,57,59,97,0.9587628865979382,0.25773195876288657,25,36
interactive,8,102,rr,25.84,29.56,25.84,12.215333333333334,46,46,97,0.9587628865979382,0.25773195876288657,24,25
interactive,8,102,priority,22.08,25.8,22.08,8.427333333333333,62,66,97,0.9587628865979382,0.25773195876288657,24,25
interactive,8,102,hrrn,19.2,22.92,19.2,6.164,46,57,97,0.9587628865979382,0.25773195876288657,24,25
interactive,8,103,fcfs,11.48,14.72,11.48,5.698666666666667,30,34,88,0.9204545454545454,0.2840909090909091,21,25
interactive,8,103,sjf,8.6,11.84,8.6,3.0566666666666666,34,36,88,0.9204545454545454,0.2840909090909091,21,25
interactive,8,103,srtf,8.56,11.8,8.52,2.99,34,36,88,0.9204545454545454,0.2840909090909091,22,33
interactive,8,103,rr,11.48,14.72,11.48,5.698666666666667,30,34,88,0.9204545454545454,0.2840909090909091,21,25
interactive,8,103,priority,14.08,17.32,14.08,7.894666666666667,42,44,88,0.9204545454545454,0.2840909090909091,21,25
interactive,8,103,hrrn,9.4,12.64,9.4,3.7893333333333334,28,36,88,0.9204545454545454,0.2840909090909091,21,25
interactive,8,104,fcfs,10.76,13.48,10.76,6.362666666666667,22,23,72,0.9444444444444444,0.3472222222222222,22,25
interactive,8,104,sjf,6.4,9.12,6.4,2.748666666666667,43,50,72,0.9444444444444444,0.3472222222222222,22,25
interactive,8,104,srtf,6.12,8.84,5.92,2.372666666666667,43,50,72,0.9444444444444444,0.3472222222222222,26,36
interactive,8,104,rr,10.76,13.48,10.76,6.362666666666667,22,23,72,0.9444444444444444,0.3472222222222222,22,25
interactive,8,104,priority,13.12,15.84,13.12,9.025333333333332,51,55,72,0.9444444444444444,0.3472222222222222,22,25
interactive,8,104,hrrn,8.12,10.84,8.12,3.855333333333333,23,23,72,0.9444444444444444,0.3472222222222222,22,25
interactive,8,105,fcfs,15.48,18.64,15.48,8.584,31,32,83,0.9518072289156626,0.30120481927710846,23,25
interactive,8,105,sjf,9.56,12.72,9.56,3.3680000000000003,43,46,83,0.9518072289156626,0.30120481927710846,23,25
interactive,8,105,srtf,9.32,12.48,9.04,3.1346666666666665,43,46,83,0.9518072289156626,0.30120481927710846,26,33
interactive,8,105,rr,15.48,18.64,15.48,8.584,31,32,83,0.9518072289156626,0.30120481927710846,23,25
interactive,8,105,priority,14.56,17.72,14.56,7.5760000000000005,37,50,83,0.9518072289156626,0.30120481927710846,23,25
interactive,8,105,hrrn,11.72,14.88,11.72,4.998,35,37,83,0.9518072289156626,0.30120481927710846,23,25
interactive,8,106,fcfs,21.64,25.32,21.64,8.220666666666666,39,39,94,0.9787234042553191,0.26595744680851063,24,25
interactive,8,106,sjf,15.92,19.6,15.92,4.288,54,59,94,0.9787234042553191,0.26595744680851063,24,25
interactive,8,106,srtf,15.8,19.48,15.52,4.174666666666667,54,59,94,0.9787234042553191,0.26595744680851063,27,35
interactive,8,106,rr,21.64,25.32,21.64,8.220666666666666,39,39,94,0.9787234042553191,0.26595744680851063,24,25
interactive,8,106,priority,19.72,23.4,19.72,6.665333333333333,56,57,94,0.9787234042553191,0.26595744680851063,24,25
interactive,8,106,hrrn,18.72,22.4,18.72,6.010666666666667,40,43,94,0.9787234042553191,0.26595744680851063,24,25
interactive,8,107,fcfs,18.04,21.56,18.04,7.318,34,39,93,0.946236559139785,0.26881720430107525,23,25
interactive,8,107,sjf,12.92,16.44,12.92,3.796666666666667,41,50,93,0.946236559139785,0.26881720430107525,23,25
interactive,8,107,srtf,12.84,16.36,12.76,3.73,41,50,93,0.946236559139785,0.26881720430107525,24,37
interactive,8,107,rr,18.04,21.56,18.04,7.318,34,39,93,0.946236559139785,0.26881720430107525,23,25
interactive,8,107,priority,18.4,21.92,18.4,7.95,69,73,93,0.946236559139785,0.26881720430107525,23,25
interactive,8,107,hrrn,15.04,18.56,15.04,5.118666666666667,36,38,93,0.946236559139785,0.26881720430107525,23,25
interactive,8,108,fcfs,21.64,25.24,21.64,10.101333333333333,38,40,95,0.9473684210526315,0.2631578947368421,24,25
interactive,8,108,sjf,13.96,17.56,13.96,4.074,53,56,95,0.9473684210526315,0.2631578947368421,24,25
interactive,8,108,srtf,13.36,16.96,12.88,3.37,53,56,95,0.9473684210526315,0.2631578947368421,27,39
interactive,8,108,rr,21.64,25.24,21.64,10.101333333333333,38,40,95,0.9473684210526315,0.2631578947368421,24,25
interactive,8,108,priority,19.76,23.36,19.76,9.146,57,59,95,0.9473684210526315,0.2631578947368421,24,25
interactive,8,108,hrrn,16.76,20.36,16.76,5.830666666666666,39,43,95,0.9473684210526315,0.2631578947368421,24,25
interactive,8,109,fcfs,16.24,19.64,16.24,8.209333333333333,32,36,90,0.9444444444444444,0.2777777777777778,23,25
interactive,8,109,sjf,10.36,13.76,10.36,3.188,36,39,90,0.9444444444444444,0.2777777777777778,23,25
interactive,8,109,srtf,10.2,13.6,9.6,3.001333333333333,36,39,90,0.9444444444444444,0.2777777777777778,27,39
interactive,8,109,rr,16.24,19.64,16.24,8.209333333333333,32,36,90,0.9444444444444444,0.2777777777777778,23,25
interactive,8,109,priority,16.72,20.12,16.72,7.862,53,67,90,0.9444444444444444,0.2777777777777778,23,25
interactive,8,109,hrrn,11.76,15.16,11.76,4.328,36,36,90,0.9444444444444444,0.2777777777777778,23,25
interactive,8,110,fcfs,24.32,28.28,24.32,7.7093333333333325,47,50,102,0.9705882352941176,0.24509803921568626,23,25
interactive,8,110,sjf,19.48,23.44,19.48,4.8966666666666665,61,64,102,0.9705882352941176,0.24509803921568626,23,25
interactive,8,110,srtf,19.32,23.28,19.12,4.736666666666666,61,64,102,0.9705882352941176,0.24509803921568626,25,38
interactive,8,110,rr,24.32,28.28,24.32,7.7093333333333325,47,50,102,0.9705882352941176,0.24509803921568626,23,25
interactive,8,110,priority,30.36,34.32,30.36,12.699333333333334,68,86,102,0.9705882352941176,0.24509803921568626,23,25
interactive,8,110,hrrn,21.64,25.6,21.64,6.02,50,59,102,0.9705882352941176,0.24509803921568626,23,25
interactive,8,111,fcfs,20.28,24.36,20.28,6.811333333333334,49,52,103,0.9902912621359223,0.24271844660194175,24,25
interactive,8,111,sjf,16.16,20.24,16.16,4.075333333333334,48,53,103,0.9902912621359223,0.24271844660194175,24,25
interactive,8,111,srtf,16.12,20.2,16.04,4.035333333333334,48,53,103,0.9902912621359223,0.24271844660194175,25,40
interactive,8,111,rr,20.28,24.36,20.28,6.811333333333334,49,52,103,0.9902912621359223,0.24271844660194175,24,25
interactive,8,111,priority,23.2,27.28,23.2,9.028666666666666,61,64,103,0.9902912621359223,0.24271844660194175,24,25
interactive,8,111,hrrn,18.0,22.08,18.0,5.132666666666666,48,53,103,0.9902912621359223,0.24271844660194175,24,25
interactive,8,112,fcfs,22.8,26.2,22.8,10.416666666666668,41,43,94,0.9042553191489362,0.26595744680851063,23,25
interactive,8,112,sjf,15.44,18.84,15.44,4.23,51,52,94,0.9042553191489362,0.26595744680851063,23,25
interactive,8,112,srtf,15.4,18.8,15.32,4.19,51,52,94,0.9042553191489362,0.26595744680851063,24,36
interactive,8,112,rr,22.8,26.2,22.8,10.416666666666668,41,43,94,0.9042553191489362,0.26595744680851063,23,25
interactive,8,112,priority,23.12,26.52,23.12,9.418666666666667,64,65,94,0.9042553191489362,0.26595744680851063,23,25
interactive,8,112,hrrn,18.32,21.72,18.32,6.158666666666667,43,45,94,0.9042553191489362,0.26595744680851063,23,25
interactive,8,113,fcfs,18.04,21.52,18.04,8.666,34,36,88,0.9886363636363636,0.2840909090909091,24,25
interactive,8,113,sjf,11.68,15.16,11.68,3.554,59,63,88,0.9886363636363636,0.2840909090909091,24,25
interactive,8,113,srtf,11.4,14.88,10.76,3.286,59,63,88,0.9886363636363636,0.2840909090909091,27,38
interactive,8,113,rr,18.04,21.52,18.04,8.666,34,36,88,0.9886363636363636,0.2840909090909091,24,25
interactive,8,113,priority,17.72,21.2,17.72,8.196666666666665,69,77,88,0.9886363636363636,0.2840909090909091,24,25
interactive,8,113,hrrn,14.88,18.36,14.88,5.654666666666667,36,38,88,0.9886363636363636,0.2840909090909091,24,25
interactive,8,114,fcfs,19.28,22.52,19.28,11.644,32,36,88,0.9204545454545454,0.2840909090909091,24,25
interactive,8,114,sjf,11.08,14.32,11.08,3.718,46,49,88,0.9204545454545454,0.2840909090909091,24,25
interactive,8,114,srtf,10.76,14.0,10.48,3.25,46,49,88,0.9204545454545454,0.2840909090909091,28,36
interactive,8,114,rr,19.28,22.52,19.28,11.644,32,36,88,0.9204545454545454,0.2840909090909091,24,25
interactive,8,114,priority,22.0,25.24,22.0,13.589333333333334,63,67,88,0.9204545454545454,0.2840909090909091,24,25
interactive,8,114,hrrn,13.68,16.92,13.68,5.741333333333333,30,35,88,0.9204545454545454,0.2840909090909091,24,25
interactive,8,115,fcfs,17.44,21.28,17.44,6.677333333333333,37,40,96,1.0,0.2604166666666667,24,25
interactive,8,115,sjf,12.76,16.6,12.76,3.51,47,51,96,1.0,0.2604166666666667,24,25
interactive,8,115,srtf,12.72,16.56,12.6,3.4806666666666666,47,51,96,1.0,0.2604166666666667,25,36
interactive,8,115,rr,17.44,21.28,17.44,6.677333333333333,37,40,96,1.0,0.2604166666666667,24,25
interactive,8,115,priority,17.16,21.0,17.16,6.030666666666667,55,64,96,1.0,0.2604166666666667,24,25
interactive,8,115,hrrn,15.12,18.96,15.12,4.968,40,41,96,1.0,0.2604166666666667,24,25
interactive,8,116,fcfs,18.28,22.16,18.28,7.510666666666667,39,43,99,0.9797979797979798,0.25252525252525254,24,25
interactive,8,116,sjf,13.44,17.32,13.44,3.6826666666666665,43,56,99,0.9797979797979798,0.25252525252525254,24,25
interactive,8,116,srtf,13.4,17.28,13.16,3.6526666666666667,43,56,99,0.9797979797979798,0.25252525252525254,26,38
interactive,8,116,rr,18.28,22.16,18.28,7.510666666666667,39,43,99,0.9797979797979798,0.25252525252525254,24,25
interactive,8,116,priority,20.0,23.88,20.0,8.726,55,58,99,0.9797979797979798,0.25252525252525254,24,25
interactive,8,116,hrrn,15.36,19.24,15.36,4.980666666666667,39,43,99,0.9797979797979798,0.25252525252525254,24,25
interactive,8,117,fcfs,15.76,18.96,15.76,8.468666666666667,29,32,85,0.9411764705882353,0.29411764705882354,23,25
interactive,8,117,sjf,10.32,13.52,10.32,3.3893333333333335,41,43,85,0.9411764705882353,0.29411764705882354,23,25
interactive,8,117,srtf,10.28,13.48,10.24,3.3226666666666667,41,43,85,0.9411764705882353,0.29411764705882354,24,39
interactive,8,117,rr,15.76,18.96,15.76,8.468666666666667,29,32,85,0.9411764705882353,0.29411764705882354,23,25
interactive,8,117,priority,16.36,19.56,16.36,8.463333333333333,42,46,85,0.9411764705882353,0.29411764705882354,23,25
interactive,8,117,hrrn,11.88,15.08,11.88,4.712,32,38,85,0.9411764705882353,0.29411764705882354,23,25
interactive,8,118,fcfs,11.84,14.76,11.84,7.542000000000001,21,21,74,0.9864864864864865,0.33783783783783783,23,25
interactive,8,118,sjf,7.04,9.96,7.04,2.6253333333333337,23,23,74,0.9864864864864865,0.33783783783783783,23,25
interactive,8,118,srtf,7.0,9.92,6.92,2.5813333333333333,23,23,74,0.9864864864864865,0.33783783783783783,24,36
interactive,8,118,rr,11.84,14.76,11.84,7.542000000000001,21,21,74,0.9864864864864865,0.33783783783783783,23,25
interactive,8,118,priority,11.4,14.32,11.4,7.018666666666666,46,55,74,0.9864864864864865,0.33783783783783783,23,25
interactive,8,118,hrrn,8.72,11.64,8.72,4.322,21,23,74,0.9864864864864865,0.33783783783783783,23,25
interactive,8,119,fcfs,27.0,31.12,27.0,9.381333333333334,55,56,106,0.9716981132075472,0.2358490566037736,22,25
interactive,8,119,sjf,21.24,25.36,21.24,5.066666666666666,62,67,106,0.9716981132075472,0.2358490566037736,22,25
interactive,8,119,srtf,21.12,25.24,20.96,4.956,62,67,106,0.9716981132075472,0.2358490566037736,24,36
interactive,8,119,rr,27.0,31.12,27.0,9.381333333333334,55,56,106,0.9716981132075472,0.2358490566037736,22,25
interactive,8,119,priority,29.44,33.56,29.44,9.659333333333334,78,78,106,0.9716981132075472,0.2358490566037736,22,25
interactive,8,119,hrrn,23.24,27.36,23.24,6.230666666666666,53,57,106,0.9716981132075472,0.2358490566037736,22,25
convoy,1,100,fcfs,79.8,84.52,79.8,43.65333333333333,109,110,118,1.0,0.211864406779661,24,25
convoy,1,100,sjf,74.08,78.8,74.08,37.486666666666665,106,110,118,1.0,0.211864406779661,24,25
convoy,1,100,srtf,19.76,24.48,17.44,6.648666666666667,51,58,118,1.0,0.211864406779661,25,26
convoy,1,100,rr,33.96,38.68,10.24,13.275333333333332,55,58,118,1.0,0.211864406779661,63,118
convoy,1,100,priority,81.76,86.48,81.76,46.23333333333333,109,112,118,1.0,0.211864406779661,24,25
convoy,1,100,hrrn,74.08,78.8,74.08,37.486666666666665,106,110,118,1.0,0.211864406779661,24,25
convoy,1,101,fcfs,84.36,89.28,84.36,43.87,113,117,123,1.0,0.2032520325203252,24,25
convoy,1,101,sjf,77.24,82.16,77.24,35.31,111,114,123,1.0,0.2032520325203252,24,25
convoy,1,101,srtf,23.36,28.28,20.84,7.588666666666667,55,63,123,1.0,0.2032520325203252,25,27
convoy,1,101,rr,40.24,45.16,11.04,15.222000000000001,59,63,123,1.0,0.2032520325203252,68,123
convoy,1,101,priority,85.44,90.36,85.44,44.69,117,119,123,1.0,0.2032520325203252,24,25
convoy,1,101,hrrn,77.24,82.16,77.24,35.31,111,114,123,1.0,0.2032520325203252,24,25
convoy,1,102,fcfs,84.28,89.24,84.28,39.86666666666667,113,117,124,1.0,0.20161290322580644,24,25
convoy,1,102,sjf,77.32,82.28,77.32,33.223333333333336,111,115,124,1.0,0.20161290322580644,24,25
convoy,1,102,srtf,23.36,28.32,20.8,7.486000000000001,56,64,124,1.0,0.20161290322580644,25,27
convoy,1,102,rr,40.6,45.56,11.04,15.209333333333333,60,64,124,1.0,0.20161290322580644,69,124
convoy,1,102,priority,84.24,89.2,84.24,39.52333333333333,116,117,124,1.0,0.20161290322580644,24,25
convoy,1,102,hrrn,77.32,82.28,77.32,33.223333333333336,111,115,124,1.0,0.20161290322580644,24,25
convoy,1,103,fcfs,80.12,84.8,80.12,44.55333333333333,107,109,117,1.0,0.21367521367521367,24,25
convoy,1,103,sjf,73.8,78.48,73.8,37.906666666666666,105,109,117,1.0,0.21367521367521367,24,25
convoy,1,103,srtf,19.44,24.12,17.16,6.674666666666667,50,57,117,1.0,0.21367521367521367,25,26
convoy,1,103,rr,33.32,38.0,11.04,13.454666666666666,54,57,117,1.0,0.21367521367521367,62,117
convoy,1,103,priority,83.48,88.16,83.48,48.83,112,112,117,1.0,0.21367521367521367,24,25
convoy,1,103,hrrn,73.8,78.48,73.8,37.906666666666666,105,109,117,1.0,0.21367521367521367,24,25
convoy,1,104,fcfs,77.28,81.64,77.28,48.41666666666667,98,100,109,1.0,0.22935779816513763,24,25
convoy,1,104,sjf,71.72,76.08,71.72,41.92,98,100,109,1.0,0.22935779816513763,24,25
convoy,1,104,srtf,17.04,21.4,15.08,7.142666666666667,41,49,109,1.0,0.22935779816513763,25,26
convoy,1,104,rr,27.64,32.0,10.76,13.389333333333333,46,49,109,1.0,0.22935779816513763,54,109
convoy,1,104,priority,76.88,81.24,76.88,48.13666666666667,103,105,109,1.0,0.22935779816513763,24,25
convoy,1,104,hrrn,71.72,76.08,71.72,41.92,98,100,109,1.0,0.22935779816513763,24,25
convoy,1,105,fcfs,78.0,82.72,78.0,42.2,108,110,118,1.0,0.211864406779661,24,25
convoy,1,105,sjf,73.4,78.12,73.4,37.43333333333334,105,109,118,1.0,0.211864406779661,24,25
convoy,1,105,srtf,19.08,23.8,16.76,6.398666666666667,50,58,118,1.0,0.211864406779661,25,26
convoy,1,105,rr,32.8,37.52,10.28,12.625333333333334,55,58,118,1.0,0.211864406779661,64,118
convoy,1,105,priority,77.8,82.52,77.8,43.17,105,109,118,1.0,0.211864406779661,24,25
convoy,1,105,hrrn,73.4,78.12,73.4,37.43333333333334,105,109,118,1.0,0.211864406779661,24,25
convoy,1,106,fcfs,86.08,91.16,86.08,37.17666666666666,116,119,127,1.0,0.1968503937007874,24,25
convoy,1,106,sjf,79.8,84.88,79.8,31.473333333333336,116,119,127,1.0,0.1968503937007874,24,25
convoy,1,106,srtf,26.28,31.36,23.6,8.364666666666666,60,67,127,1.0,0.1968503937007874,25,28
convoy,1,106,rr,46.64,51.72,11.04,16.77133333333333,64,67,127,1.0,0.1968503937007874,72,127
convoy,1,106,priority,84.44,89.52,84.44,35.193333333333335,119,120,127,1.0,0.1968503937007874,24,25
convoy,1,106,hrrn,79.8,84.88,79.8,31.473333333333336,116,119,127,1.0,0.1968503937007874,24,25
convoy,1,107,fcfs,76.72,81.16,76.72,49.47333333333333,101,105,111,1.0,0.22522522522522523,24,25
convoy,1,107,sjf,70.52,74.96,70.52,42.36,98,102,111,1.0,0.22522522522522523,24,25
convoy,1,107,srtf,16.64,21.08,13.64,6.770666666666667,43,51,111,1.0,0.22522522522522523,26,27
convoy,1,107,rr,27.0,31.44,10.8,12.514000000000001,48,51,111,1.0,0.22522522522522523,57,111
convoy,1,107,priority,77.56,82.0,77.56,51.43,107,108,111,1.0,0.22522522522522523,24,25
convoy,1,107,hrrn,70.52,74.96,70.52,42.36,98,102,111,1.0,0.22522522522522523,24,25
convoy,1,108,fcfs,80.16,84.68,80.16,49.26666666666667,103,107,113,1.0,0.22123893805309736,24,25
convoy,1,108,sjf,72.28,76.8,72.28,40.25,100,104,113,1.0,0.22123893805309736,24,25
convoy,1,108,srtf,17.76,22.28,15.64,6.655333333333333,45,53,113,1.0,0.22123893805309736,25,26
convoy,1,108,rr,30.8,35.32,10.88,14.105333333333332,50,53,113,1.0,0.22123893805309736,58,113
convoy,1,108,priority,81.0,85.52,81.0,50.906666666666666,108,110,113,1.0,0.22123893805309736,24,25
convoy,1,108,hrrn,72.28,76.8,72.28,40.25,100,104,113,1.0,0.22123893805309736,24,25
convoy,1,109,fcfs,86.48,91.52,86.48,41.51666666666667,114,118,126,1.0,0.1984126984126984,24,25
convoy,1,109,sjf,77.64,82.68,77.64,32.81,114,117,126,1.0,0.1984126984126984,24,25
convoy,1,109,srtf,24.12,29.16,21.48,7.414,58,66,126,1.0,0.1984126984126984,25,28
convoy,1,109,rr,44.2,49.24,10.32,16.007333333333335,62,66,126,1.0,0.1984126984126984,71,126
convoy,1,109,priority,83.72,88.76,83.72,38.373333333333335,118,119,126,1.0,0.1984126984126984,24,25
convoy,1,109,hrrn,77.64,82.68,77.64,32.81,114,117,126,1.0,0.1984126984126984,24,25
convoy,1,110,fcfs,84.96,89.88,84.96,44.11666666666667,114,117,123,1.0,0.2032520325203252,24,25
convoy,1,110,sjf,75.92,80.84,75.92,34.42666666666666,110,114,123,1.0,0.2032520325203252,24,25
convoy,1,110,srtf,22.64,27.56,19.36,7.275333333333333,55,63,123,1.0,0.2032520325203252,26,28
convoy,1,110,rr,40.36,45.28,11.04,15.745333333333333,59,63,123,1.0,0.2032520325203252,68,123
convoy,1,110,priority,82.64,87.56,82.64,41.82,115,118,123,1.0,0.2032520325203252,24,25
convoy,1,110,hrrn,75.92,80.84,75.92,34.42666666666666,110,114,123,1.0,0.2032520325203252,24,25
convoy,1,111,fcfs,90.2,95.52,90.2,39.9,122,126,133,1.0,0.18796992481203006,24,25
convoy,1,111,sjf,81.44,86.76,81.44,30.623333333333335,121,124,133,1.0,0.18796992481203006,24,25
convoy,1,111,srtf,27.96,33.28,25.04,7.825333333333333,65,73,133,1.0,0.18796992481203006,25,28
convoy,1,111,rr,50.44,55.76,11.04,16.872,69,73,133,1.0,0.18796992481203006,78,133
convoy,1,111,priority,87.52,92.84,87.52,36.32,124,125,133,1.0,0.18796992481203006,24,25
convoy,1,111,hrrn,81.44,86.76,81.44,30.623333333333335,121,124,133,1.0,0.18796992481203006,24,25
convoy,1,112,fcfs,82.52,87.2,82.52,47.79,109,111,117,1.0,0.21367521367521367,24,25
convoy,1,112,sjf,73.28,77.96,73.28,37.52,106,108,117,1.0,0.21367521367521367,24,25
convoy,1,112,srtf,19.12,23.8,16.84,6.587999999999999,49,57,117,1.0,0.21367521367521367,25,27
convoy,1,112,rr,34.84,39.52,10.36,14.731333333333334,54,57,117,1.0,0.21367521367521367,63,117
convoy,1,112,priority,81.44,86.12,81.44,46.30333333333333,110,111,117,1.0,0.21367521367521367,24,25
convoy,1,112,hrrn,73.28,77.96,73.28,37.52,106,108,117,1.0,0.21367521367521367,24,25
convoy,1,113,fcfs,80.72,85.4,80.72,43.88333333333333,109,110,117,1.0,0.21367521367521367,24,25
convoy,1,113,sjf,74.08,78.76,74.08,37.28333333333333,106,110,117,1.0,0.21367521367521367,24,25
convoy,1,113,srtf,19.72,24.4,17.44,6.837999999999999,51,57,117,1.0,0.21367521367521367,25,26
convoy,1,113,rr,34.0,38.68,10.2,13.681333333333335,55,57,117,1.0,0.21367521367521367,62,117
convoy,1,113,priority,83.32,88.0,83.32,47.26666666666667,108,110,117,1.0,0.21367521367521367,24,25
convoy,1,113,hrrn,74.08,78.76,74.08,37.28333333333333,106,110,117,1.0,0.21367521367521367,24,25
convoy,1,114,fcfs,75.2,79.44,75.2,52.82333333333333,94,97,106,1.0,0.2358490566037736,24,25
convoy,1,114,sjf,69.6,73.84,69.6,45.47666666666667,94,97,106,1.0,0.2358490566037736,24,25
convoy,1,114,srtf,14.8,19.04,12.96,6.567333333333334,38,46,106,1.0,0.2358490566037736,25,26
convoy,1,114,rr,24.08,28.32,10.68,12.630666666666666,42,46,106,1.0,0.2358490566037736,51,106
convoy,1,114,priority,72.64,76.88,72.64,48.97,94,97,106,1.0,0.2358490566037736,24,25
convoy,1,114,hrrn,69.6,73.84,69.6,45.47666666666667,94,97,106,1.0,0.2358490566037736,24,25
convoy,1,115,fcfs,83.12,87.88,83.12,42.31666666666667,110,112,119,1.0,0.21008403361344538,24,25
convoy,1,115,sjf,75.88,80.64,75.88,35.24,109,112,119,1.0,0.21008403361344538,24,25
convoy,1,115,srtf,21.76,26.52,19.4,7.592666666666666,53,59,119,1.0,0.21008403361344538,25,27
convoy,1,115,rr,38.32,43.08,11.04,15.469333333333333,57,59,119,1.0,0.21008403361344538,64,119
convoy,1,115,priority,80.92,85.68,80.92,40.85333333333333,111,112,119,1.0,0.21008403361344538,24,25
convoy,1,115,hrrn,75.88,80.64,75.88,35.24,109,112,119,1.0,0.21008403361344538,24,25
convoy,1,116,fcfs,81.44,86.12,81.44,45.05666666666667,107,108,117,1.0,0.21367521367521367,24,25
convoy,1,116,sjf,74.2,78.88,74.2,37.31666666666666,105,108,117,1.0,0.21367521367521367,24,25
convoy,1,116,srtf,19.84,24.52,17.56,6.871333333333333,49,57,117,1.0,0.21367521367521367,25,26
convoy,1,116,rr,34.2,38.88,10.92,14.224666666666668,54,57,117,1.0,0.21367521367521367,62,117
convoy,1,116,priority,82.4,87.08,82.4,45.95666666666667,107,111,117,1.0,0.21367521367521367,24,25
convoy,1,116,hrrn,74.2,78.88,74.2,37.31666666666666,105,108,117,1.0,0.21367521367521367,24,25
convoy,1,117,fcfs,82.96,87.84,82.96,43.76333333333333,112,116,122,1.0,0.20491803278688525,24,25
convoy,1,117,sjf,75.28,80.16,75.28,35.58,110,113,122,1.0,0.20491803278688525,24,25
convoy,1,117,srtf,21.32,26.2,18.84,6.814666666666667,54,62,122,1.0,0.20491803278688525,25,27
convoy,1,117,rr,38.12,43.0,10.32,14.338,59,62,122,1.0,0.20491803278688525,68,122
convoy,1,117,priority,84.36,89.24,84.36,45.61666666666667,114,115,122,1.0,0.20491803278688525,24,25
convoy,1,117,hrrn,75.28,80.16,75.28,35.58,110,113,122,1.0,0.20491803278688525,24,25
convoy,1,118,fcfs,80.84,85.44,80.84,45.78333333333333,105,108,115,1.0,0.21739130434782608,24,25
convoy,1,118,sjf,73.28,77.88,73.28,37.99666666666666,104,106,115,1.0,0.21739130434782608,24,25
convoy,1,118,srtf,19.08,23.68,16.88,7.123333333333334,47,55,115,1.0,0.21739130434782608,25,27
convoy,1,118,rr,33.2,37.8,11.04,14.453333333333333,52,55,115,1.0,0.21739130434782608,60,115
convoy,1,118,priority,82.44,87.04,82.44,47.96,106,108,115,1.0,0.21739130434782608,24,25
convoy,1,118,hrrn,73.28,77.88,73.28,37.99666666666666,104,106,115,1.0,0.21739130434782608,24,25
convoy,1,119,fcfs,87.12,92.08,87.12,43.32666666666667,116,117,124,1.0,0.20161290322580644,24,25
convoy,1,119,sjf,77.32,82.28,77.32,33.82666666666667,113,116,124,1.0,0.20161290322580644,24,25
convoy,1,119,srtf,23.36,28.32,20.8,7.302666666666666,57,64,124,1.0,0.20161290322580644,25,27
convoy,1,119,rr,43.0,47.96,11.04,16.292666666666666,61,64,124,1.0,0.20161290322580644,69,124
convoy,1,119,priority,84.16,89.12,84.16,40.14333333333334,116,118,124,1.0,0.20161290322580644,24,25
convoy,1,119,hrrn,77.32,82.28,77.32,33.82666666666667,113,116,124,1.0,0.20161290322580644,24,25
convoy,3,100,fcfs,79.8,84.52,79.8,43.65333333333333,109,110,118,1.0,0.211864406779661,24,25
convoy,3,100,sjf,74.08,78.8,74.08,37.486666666666665,106,110,118,1.0,0.211864406779661,24,25
convoy,3,100,srtf,19.76,24.48,17.44,6.648666666666667,51,58,118,1.0,0.211864406779661,25,26
convoy,3,100,rr,32.44,37.16,24.24,14.802,58,59,118,1.0,0.211864406779661,32,49
convoy,3,100,priority,81.76,86.48,81.76,46.23333333333333,109,112,118,1.0,0.211864406779661,24,25
convoy,3,100,hrrn,74.08,78.8,74.08,37.486666666666665,106,110,118,1.0,0.211864406779661,24,25
convoy,3,101,fcfs,84.36,89.28,84.36,43.87,113,117,123,1.0,0.2032520325203252,24,25
convoy,3,101,sjf,77.24,82.16,77.24,35.31,111,114,123,1.0,0.2032520325203252,24,25
convoy,3,101,srtf,23.36,28.28,20.84,7.588666666666667,55,63,123,1.0,0.2032520325203252,25,27
convoy,3,101,rr,36.84,41.76,28.92,17.65533333333333,63,63,123,1.0,0.2032520325203252,32,49
convoy,3,101,priority,85.44,90.36,85.44,44.69,117,119,123,1.0,0.2032520325203252,24,25
convoy,3,101,hrrn,77.24,82.16,77.24,35.31,111,114,123,1.0,0.2032520325203252,24,25
convoy,3,102,fcfs,84.28,89.24,84.28,39.86666666666667,113,117,124,1.0,0.20161290322580644,24,25
convoy,3,102,sjf,77.32,82.28,77.32,33.223333333333336,111,115,124,1.0,0.20161290322580644,24,25
convoy,3,102,srtf,23.36,28.32,20.8,7.486000000000001,56,64,124,1.0,0.20161290322580644,25,27
convoy,3,102,rr,40.16,45.12,27.24,16.309333333333335,64,64,124,1.0,0.20161290322580644,35,52
convoy,3,102,priority,84.24,89.2,84.24,39.52333333333333,116,117,124,1.0,0.20161290322580644,24,25
convoy,3,102,hrrn,77.32,82.28,77.32,33.223333333333336,111,115,124,1.0,0.20161290322580644,24,25
convoy,3,103,fcfs,80.12,84.8,80.12,44.55333333333333,107,109,117,1.0,0.21367521367521367,24,25
convoy,3,103,sjf,73.8,78.48,73.8,37.906666666666666,105,109,117,1.0,0.21367521367521367,24,25
convoy,3,103,srtf,19.44,24.12,17.16,6.674666666666667,50,57,117,1.0,0.21367521367521367,25,26
convoy,3,103,rr,33.12,37.8,23.76,15.164666666666667,57,58,117,1.0,0.21367521367521367,32,49
convoy,3,103,priority,83.48,88.16,83.48,48.83,112,112,117,1.0,0.21367521367521367,24,25
convoy,3,103,hrrn,73.8,78.48,73.8,37.906666666666666,105,109,117,1.0,0.21367521367521367,24,25
convoy,3,104,fcfs,77.28,81.64,77.28,48.41666666666667,98,100,109,1.0,0.22935779816513763,24,25
convoy,3,104,sjf,71.72,76.08,71.72,41.92,98,100,109,1.0,0.22935779816513763,24,25
convoy,3,104,srtf,17.04,21.4,15.08,7.142666666666667,41,49,109,1.0,0.22935779816513763,25,26
convoy,3,104,rr,26.76,31.12,22.32,15.272666666666666,49,49,109,1.0,0.22935779816513763,30,47
convoy,3,104,priority,76.88,81.24,76.88,48.13666666666667,103,105,109,1.0,0.22935779816513763,24,25
convoy,3,104,hrrn,71.72,76.08,71.72,41.92,98,100,109,1.0,0.22935779816513763,24,25
convoy,3,105,fcfs,78.0,82.72,78.0,42.2,108,110,118,1.0,0.211864406779661,24,25
convoy,3,105,sjf,73.4,78.12,73.4,37.43333333333334,105,109,118,1.0,0.211864406779661,24,25
convoy,3,105,srtf,19.08,23.8,16.76,6.398666666666667,50,58,118,1.0,0.211864406779661,25,26
convoy,3,105,rr,31.08,35.8,22.76,13.392000000000001,58,58,118,1.0,0.211864406779661,33,50
convoy,3,105,priority,77.8,82.52,77.8,43.17,105,109,118,1.0,0.211864406779661,24,25
convoy,3,105,hrrn,73.4,78.12,73.4,37.43333333333334,105,109,118,1.0,0.211864406779661,24,25
convoy,3,106,fcfs,86.08,91.16,86.08,37.17666666666666,116,119,127,1.0,0.1968503937007874,24,25
convoy,3,106,sjf,79.8,84.88,79.8,31.473333333333336,116,119,127,1.0,0.1968503937007874,24,25
convoy,3,106,srtf,26.28,31.36,23.6,8.364666666666666,60,67,127,1.0,0.1968503937007874,25,28
convoy,3,106,rr,41.28,46.36,29.28,15.878,67,68,127,1.0,0.1968503937007874,33,50
convoy,3,106,priority,84.44,89.52,84.44,35.193333333333335,119,120,127,1.0,0.1968503937007874,24,25
convoy,3,106,hrrn,79.8,84.88,79.8,31.473333333333336,116,119,127,1.0,0.1968503937007874,24,25
convoy,3,107,fcfs,76.72,81.16,76.72,49.47333333333333,101,105,111,1.0,0.22522522522522523,24,25
convoy,3,107,sjf,70.52,74.96,70.52,42.36,98,102,111,1.0,0.22522522522522523,24,25
convoy,3,107,srtf,16.64,21.08,13.64,6.770666666666667,43,51,111,1.0,0.22522522522522523,26,27
convoy,3,107,rr,28.64,33.08,20.44,15.124,51,51,111,1.0,0.22522522522522523,33,50
convoy,3,107,priority,77.56,82.0,77.56,51.43,107,108,111,1.0,0.22522522522522523,24,25
convoy,3,107,hrrn,70.52,74.96,70.52,42.36,98,102,111,1.0,0.22522522522522523,24,25
convoy,3,108,fcfs,80.16,84.68,80.16,49.26666666666667,103,107,113,1.0,0.22123893805309736,24,25
convoy,3,108,sjf,72.28,76.8,72.28,40.25,100,104,113,1.0,0.22123893805309736,24,25
convoy,3,108,srtf,17.76,22.28,15.64,6.655333333333333,45,53,113,1.0,0.22123893805309736,25,26
convoy,3,108,rr,31.68,36.2,23.8,17.22533333333333,53,53,113,1.0,0.22123893805309736,32,49
convoy,3,108,priority,81.0,85.52,81.0,50.906666666666666,108,110,113,1.0,0.22123893805309736,24,25
convoy,3,108,hrrn,72.28,76.8,72.28,40.25,100,104,113,1.0,0.22123893805309736,24,25
convoy,3,109,fcfs,86.48,91.52,86.48,41.51666666666667,114,118,126,1.0,0.1984126984126984,24,25
convoy,3,109,sjf,77.64,82.68,77.64,32.81,114,117,126,1.0,0.1984126984126984,24,25
convoy,3,109,srtf,24.12,29.16,21.48,7.414,58,66,126,1.0,0.1984126984126984,25,28
convoy,3,109,rr,44.68,49.72,28.52,18.380666666666666,66,66,126,1.0,0.1984126984126984,35,52
convoy,3,109,priority,83.72,88.76,83.72,38.373333333333335,118,119,126,1.0,0.1984126984126984,24,25
convoy,3,109,hrrn,77.64,82.68,77.64,32.81,114,117,126,1.0,0.1984126984126984,24,25
convoy,3,110,fcfs,84.96,89.88,84.96,44.11666666666667,114,117,123,1.0,0.2032520325203252,24,25
convoy,3,110,sjf,75.92,80.84,75.92,34.42666666666666,110,114,123,1.0,0.2032520325203252,24,25
convoy,3,110,srtf,22.64,27.56,19.36,7.275333333333333,55,63,123,1.0,0.2032520325203252,26,28
convoy,3,110,rr,41.64,46.56,27.24,18.598666666666666,63,63,123,1.0,0.2032520325203252,35,52
convoy,3,110,priority,82.64,87.56,82.64,41.82,115,118,123,1.0,0.2032520325203252,24,25
convoy,3,110,hrrn,75.92,80.84,75.92,34.42666666666666,110,114,123,1.0,0.2032520325203252,24,25
convoy,3,111,fcfs,90.2,95.52,90.2,39.9,122,126,133,1.0,0.18796992481203006,24,25
convoy,3,111,sjf,81.44,86.76,81.44,30.623333333333335,121,124,133,1.0,0.18796992481203006,24,25
convoy,3,111,srtf,27.96,33.28,25.04,7.825333333333333,65,73,133,1.0,0.18796992481203006,25,28
convoy,3,111,rr,51.52,56.84,31.04,19.828666666666667,73,73,133,1.0,0.18796992481203006,39,56
convoy,3,111,priority,87.52,92.84,87.52,36.32,124,125,133,1.0,0.18796992481203006,24,25
convoy,3,111,hrrn,81.44,86.76,81.44,30.623333333333335,121,124,133,1.0,0.18796992481203006,24,25
convoy,3,112,fcfs,82.52,87.2,82.52,47.79,109,111,117,1.0,0.21367521367521367,24,25
convoy,3,112,sjf,73.28,77.96,73.28,37.52,106,108,117,1.0,0.21367521367521367,24,25
convoy,3,112,srtf,19.12,23.8,16.84,6.587999999999999,49,57,117,1.0,0.21367521367521367,25,27
convoy,3,112,rr,36.08,40.76,26.6,18.754666666666665,57,57,117,1.0,0.21367521367521367,32,49
convoy,3,112,priority,81.44,86.12,81.44,46.30333333333333,110,111,117,1.0,0.21367521367521367,24,25
convoy,3,112,hrrn,73.28,77.96,73.28,37.52,106,108,117,1.0,0.21367521367521367,24,25
convoy,3,113,fcfs,80.72,85.4,80.72,43.88333333333333,109,110,117,1.0,0.21367521367521367,24,25
convoy,3,113,sjf,74.08,78.76,74.08,37.28333333333333,106,110,117,1.0,0.21367521367521367,24,25
convoy,3,113,srtf,19.72,24.4,17.44,6.837999999999999,51,57,117,1.0,0.21367521367521367,25,26
convoy,3,113,rr,33.84,38.52,24.08,15.421333333333335,56,57,117,1.0,0.21367521367521367,31,49
convoy,3,113,priority,83.32,88.0,83.32,47.26666666666667,108,110,117,1.0,0.21367521367521367,24,25
convoy,3,113,hrrn,74.08,78.76,74.08,37.28333333333333,106,110,117,1.0,0.21367521367521367,24,25
convoy,3,114,fcfs,75.2,79.44,75.2,52.82333333333333,94,97,106,1.0,0.2358490566037736,24,25
convoy,3,114,sjf,69.6,73.84,69.6,45.47666666666667,94,97,106,1.0,0.2358490566037736,24,25
convoy,3,114,srtf,14.8,19.04,12.96,6.567333333333334,38,46,106,1.0,0.2358490566037736,25,26
convoy,3,114,rr,23.92,28.16,21.36,15.977333333333334,46,46,106,1.0,0.2358490566037736,29,46
convoy,3,114,priority,72.64,76.88,72.64,48.97,94,97,106,1.0,0.2358490566037736,24,25
convoy,3,114,hrrn,69.6,73.84,69.6,45.47666666666667,94,97,106,1.0,0.2358490566037736,24,25
convoy,3,115,fcfs,83.12,87.88,83.12,42.31666666666667,110,112,119,1.0,0.21008403361344538,24,25
convoy,3,115,sjf,75.88,80.64,75.88,35.24,109,112,119,1.0,0.21008403361344538,24,25
convoy,3,115,srtf,21.76,26.52,19.4,7.592666666666666,53,59,119,1.0,0.21008403361344538,25,27
convoy,3,115,rr,35.36,40.12,26.96,16.146,58,59,119,1.0,0.21008403361344538,30,48
convoy,3,115,priority,80.92,85.68,80.92,40.85333333333333,111,112,119,1.0,0.21008403361344538,24,25
convoy,3,115,hrrn,75.88,80.64,75.88,35.24,109,112,119,1.0,0.21008403361344538,24,25
convoy,3,116,fcfs,81.44,86.12,81.44,45.05666666666667,107,108,117,1.0,0.21367521367521367,24,25
convoy,3,116,sjf,74.2,78.88,74.2,37.31666666666666,105,108,117,1.0,0.21367521367521367,24,25
convoy,3,116,srtf,19.84,24.52,17.56,6.871333333333333,49,57,117,1.0,0.21367521367521367,25,26
convoy,3,116,rr,34.52,39.2,25.24,16.514666666666667,57,57,117,1.0,0.21367521367521367,32,49
convoy,3,116,priority,82.4,87.08,82.4,45.95666666666667,107,111,117,1.0,0.21367521367521367,24,25
convoy,3,116,hrrn,74.2,78.88,74.2,37.31666666666666,105,108,117,1.0,0.21367521367521367,24,25
convoy,3,117,fcfs,82.96,87.84,82.96,43.76333333333333,112,116,122,1.0,0.20491803278688525,24,25
convoy,3,117,sjf,75.28,80.16,75.28,35.58,110,113,122,1.0,0.20491803278688525,24,25
convoy,3,117,srtf,21.32,26.2,18.84,6.814666666666667,54,62,122,1.0,0.20491803278688525,25,27
convoy,3,117,rr,39.12,44.0,25.72,17.084666666666667,62,62,122,1.0,0.20491803278688525,35,52
convoy,3,117,priority,84.36,89.24,84.36,45.61666666666667,114,115,122,1.0,0.20491803278688525,24,25
convoy,3,117,hrrn,75.28,80.16,75.28,35.58,110,113,122,1.0,0.20491803278688525,24,25
convoy,3,118,fcfs,80.84,85.44,80.84,45.78333333333333,105,108,115,1.0,0.21739130434782608,24,25
convoy,3,118,sjf,73.28,77.88,73.28,37.99666666666666,104,106,115,1.0,0.21739130434782608,24,25
convoy,3,118,srtf,19.08,23.68,16.88,7.123333333333334,47,55,115,1.0,0.21739130434782608,25,27
convoy,3,118,rr,33.24,37.84,24.12,16.11,55,55,115,1.0,0.21739130434782608,32,49
convoy,3,118,priority,82.44,87.04,82.44,47.96,106,108,115,1.0,0.21739130434782608,24,25
convoy,3,118,hrrn,73.28,77.88,73.28,37.99666666666666,104,106,115,1.0,0.21739130434782608,24,25
convoy,3,119,fcfs,87.12,92.08,87.12,43.32666666666667,116,117,124,1.0,0.20161290322580644,24,25
convoy,3,119,sjf,77.32,82.28,77.32,33.82666666666667,113,116,124,1.0,0.20161290322580644,24,25
convoy,3,119,srtf,23.36,28.32,20.8,7.302666666666666,57,64,124,1.0,0.20161290322580644,25,27
convoy,3,119,rr,44.16,49.12,28.48,18.846,64,65,124,1.0,0.20161290322580644,35,52
convoy,3,119,priority,84.16,89.12,84.16,40.14333333333334,116,118,124,1.0,0.20161290322580644,24,25
convoy,3,119,hrrn,77.32,82.28,77.32,33.82666666666667,113,116,124,1.0,0.20161290322580644,24,25
convoy,8,100,fcfs,79.8,84.52,79.8,43.65333333333333,109,110,118,1.0,0.211864406779661,24,25
convoy,8,100,sjf,74.08,78.8,74.08,37.486666666666665,106,110,118,1.0,0.211864406779661,24,25
convoy,8,100,srtf,19.76,24.48,17.44,6.648666666666667,51,58,118,1.0,0.211864406779661,25,26
convoy,8,100,rr,32.2,36.92,29.88,16.478666666666665,58,58,118,1.0,0.211864406779661,25,32
convoy,8,100,priority,81.76,86.48,81.76,46.23333333333333,109,112,118,1.0,0.211864406779661,24,25
convoy,8,100,hrrn,74.08,78.8,74.08,37.486666666666665,106,110,118,1.0,0.211864406779661,24,25
convoy,8,101,fcfs,84.36,89.28,84.36,43.87,113,117,123,1.0,0.2032520325203252,24,25
convoy,8,101,sjf,77.24,82.16,77.24,35.31,111,114,123,1.0,0.2032520325203252,24,25
convoy,8,101,srtf,23.36,28.28,20.84,7.588666666666667,55,63,123,1.0,0.2032520325203252,25,27
convoy,8,101,rr,36.96,41.88,34.44,19.125333333333334,63,65,123,1.0,0.2032520325203252,25,32
convoy,8,101,priority,85.44,90.36,85.44,44.69,117,119,123,1.0,0.2032520325203252,24,25
convoy,8,101,hrrn,77.24,82.16,77.24,35.31,111,114,123,1.0,0.2032520325203252,24,25
convoy,8,102,fcfs,84.28,89.24,84.28,39.86666666666667,113,117,124,1.0,0.20161290322580644,24,25
convoy,8,102,sjf,77.32,82.28,77.32,33.223333333333336,111,115,124,1.0,0.20161290322580644,24,25
convoy,8,102,srtf,23.36,28.32,20.8,7.486000000000001,56,64,124,1.0,0.20161290322580644,25,27
convoy,8,102,rr,36.92,41.88,34.36,17.029333333333334,64,65,124,1.0,0.20161290322580644,25,32
convoy,8,102,priority,84.24,89.2,84.24,39.52333333333333,116,117,124,1.0,0.20161290322580644,24,25
convoy,8,102,hrrn,77.32,82.28,77.32,33.223333333333336,111,115,124,1.0,0.20161290322580644,24,25
convoy,8,103,fcfs,80.12,84.8,80.12,44.55333333333333,107,109,117,1.0,0.21367521367521367,24,25
convoy,8,103,sjf,73.8,78.48,73.8,37.906666666666666,105,109,117,1.0,0.21367521367521367,24,25
convoy,8,103,srtf,19.44,24.12,17.16,6.674666666666667,50,57,117,1.0,0.21367521367521367,25,26
convoy,8,103,rr,32.48,37.16,30.2,17.031333333333333,57,57,117,1.0,0.21367521367521367,25,32
convoy,8,103,priority,83.48,88.16,83.48,48.83,112,112,117,1.0,0.21367521367521367,24,25
convoy,8,103,hrrn,73.8,78.48,73.8,37.906666666666666,105,109,117,1.0,0.21367521367521367,24,25
convoy,8,104,fcfs,77.28,81.64,77.28,48.41666666666667,98,100,109,1.0,0.22935779816513763,24,25
convoy,8,104,sjf,71.72,76.08,71.72,41.92,98,100,109,1.0,0.22935779816513763,24,25
convoy,8,104,srtf,17.04,21.4,15.08,7.142666666666667,41,49,109,1.0,0.22935779816513763,25,26
convoy,8,104,rr,29.32,33.68,27.36,17.769333333333336,48,49,109,1.0,0.22935779816513763,25,32
convoy,8,104,priority,76.88,81.24,76.88,48.13666666666667,103,105,109,1.0,0.22935779816513763,24,25
convoy,8,104,hrrn,71.72,76.08,71.72,41.92,98,100,109,1.0,0.22935779816513763,24,25
convoy,8,105,fcfs,78.0,82.72,78.0,42.2,108,110,118,1.0,0.211864406779661,24,25
convoy,8,105,sjf,73.4,78.12,73.4,37.43333333333334,105,109,118,1.0,0.211864406779661,24,25
convoy,8,105,srtf,19.08,23.8,16.76,6.398666666666667,50,58,118,1.0,0.211864406779661,25,26
convoy,8,105,rr,30.4,35.12,28.08,14.852,58,58,118,1.0,0.211864406779661,25,32
convoy,8,105,priority,77.8,82.52,77.8,43.17,105,109,118,1.0,0.211864406779661,24,25
convoy,8,105,hrrn,73.4,78.12,73.4,37.43333333333334,105,109,118,1.0,0.211864406779661,24,25
convoy,8,106,fcfs,86.08,91.16,86.08,37.17666666666666,116,119,127,1.0,0.1968503937007874,24,25
convoy,8,106,sjf,79.8,84.88,79.8,31.473333333333336,116,119,127,1.0,0.1968503937007874,24,25
convoy,8,106,srtf,26.28,31.36,23.6,8.364666666666666,60,67,127,1.0,0.1968503937007874,25,28
convoy,8,106,rr,38.84,43.92,36.16,16.421333333333333,67,67,127,1.0,0.1968503937007874,25,32
convoy,8,106,priority,84.44,89.52,84.44,35.193333333333335,119,120,127,1.0,0.1968503937007874,24,25
convoy,8,106,hrrn,79.8,84.88,79.8,31.473333333333336,116,119,127,1.0,0.1968503937007874,24,25
convoy,8,107,fcfs,76.72,81.16,76.72,49.47333333333333,101,105,111,1.0,0.22522522522522523,24,25
convoy,8,107,sjf,70.52,74.96,70.52,42.36,98,102,111,1.0,0.22522522522522523,24,25
convoy,8,107,srtf,16.64,21.08,13.64,6.770666666666667,43,51,111,1.0,0.22522522522522523,26,27
convoy,8,107,rr,28.84,33.28,26.8,17.614,51,53,111,1.0,0.22522522522522523,25,32
convoy,8,107,priority,77.56,82.0,77.56,51.43,107,108,111,1.0,0.22522522522522523,24,25
convoy,8,107,hrrn,70.52,74.96,70.52,42.36,98,102,111,1.0,0.22522522522522523,24,25
convoy,8,108,fcfs,80.16,84.68,80.16,49.26666666666667,103,107,113,1.0,0.22123893805309736,24,25
convoy,8,108,sjf,72.28,76.8,72.28,40.25,100,104,113,1.0,0.22123893805309736,24,25
convoy,8,108,srtf,17.76,22.28,15.64,6.655333333333333,45,53,113,1.0,0.22123893805309736,25,26
convoy,8,108,rr,32.36,36.88,30.24,19.662,53,55,113,1.0,0.22123893805309736,25,32
convoy,8,108,priority,81.0,85.52,81.0,50.906666666666666,108,110,113,1.0,0.22123893805309736,24,25
convoy,8,108,hrrn,72.28,76.8,72.28,40.25,100,104,113,1.0,0.22123893805309736,24,25
convoy,8,109,fcfs,86.48,91.52,86.48,41.51666666666667,114,118,126,1.0,0.1984126984126984,24,25
convoy,8,109,sjf,77.64,82.68,77.64,32.81,114,117,126,1.0,0.1984126984126984,24,25
convoy,8,109,srtf,24.12,29.16,21.48,7.414,58,66,126,1.0,0.1984126984126984,25,28
convoy,8,109,rr,39.2,44.24,36.56,18.680666666666667,66,66,126,1.0,0.1984126984126984,25,32
convoy,8,109,priority,83.72,88.76,83.72,38.373333333333335,118,119,126,1.0,0.1984126984126984,24,25
convoy,8,109,hrrn,77.64,82.68,77.64,32.81,114,117,126,1.0,0.1984126984126984,24,25
convoy,8,110,fcfs,84.96,89.88,84.96,44.11666666666667,114,117,123,1.0,0.2032520325203252,24,25
convoy,8,110,sjf,75.92,80.84,75.92,34.42666666666666,110,114,123,1.0,0.2032520325203252,24,25
convoy,8,110,srtf,22.64,27.56,19.36,7.275333333333333,55,63,123,1.0,0.2032520325203252,26,28
convoy,8,110,rr,37.56,42.48,35.04,19.545333333333332,63,65,123,1.0,0.2032520325203252,25,32
convoy,8,110,priority,82.64,87.56,82.64,41.82,115,118,123,1.0,0.2032520325203252,24,25
convoy,8,110,hrrn,75.92,80.84,75.92,34.42666666666666,110,114,123,1.0,0.2032520325203252,24,25
convoy,8,111,fcfs,90.2,95.52,90.2,39.9,122,126,133,1.0,0.18796992481203006,24,25
convoy,8,111,sjf,81.44,86.76,81.44,30.623333333333335,121,124,133,1.0,0.18796992481203006,24,25
convoy,8,111,srtf,27.96,33.28,25.04,7.825333333333333,65,73,133,1.0,0.18796992481203006,25,28
convoy,8,111,rr,43.2,48.52,40.28,19.495333333333335,73,74,133,1.0,0.18796992481203006,25,32
convoy,8,111,priority,87.52,92.84,87.52,36.32,124,125,133,1.0,0.18796992481203006,24,25
convoy,8,111,hrrn,81.44,86.76,81.44,30.623333333333335,121,124,133,1.0,0.18796992481203006,24,25
convoy,8,112,fcfs,82.52,87.2,82.52,47.79,109,111,117,1.0,0.21367521367521367,24,25
convoy,8,112,sjf,73.28,77.96,73.28,37.52,106,108,117,1.0,0.21367521367521367,24,25
convoy,8,112,srtf,19.12,23.8,16.84,6.587999999999999,49,57,117,1.0,0.21367521367521367,25,27
convoy,8,112,rr,34.88,39.56,32.6,20.268,57,59,117,1.0,0.21367521367521367,25,32
convoy,8,112,priority,81.44,86.12,81.44,46.30333333333333,110,111,117,1.0,0.21367521367521367,24,25
convoy,8,112,hrrn,73.28,77.96,73.28,37.52,106,108,117,1.0,0.21367521367521367,24,25
convoy,8,113,fcfs,80.72,85.4,80.72,43.88333333333333,109,110,117,1.0,0.21367521367521367,24,25
convoy,8,113,sjf,74.08,78.76,74.08,37.28333333333333,106,110,117,1.0,0.21367521367521367,24,25
convoy,8,113,srtf,19.72,24.4,17.44,6.837999999999999,51,57,117,1.0,0.21367521367521367,25,26
convoy,8,113,rr,33.08,37.76,30.8,17.054666666666666,57,58,117,1.0,0.21367521367521367,25,32
convoy,8,113,priority,83.32,88.0,83.32,47.26666666666667,108,110,117,1.0,0.21367521367521367,24,25
convoy,8,113,hrrn,74.08,78.76,74.08,37.28333333333333,106,110,117,1.0,0.21367521367521367,24,25
convoy,8,114,fcfs,75.2,79.44,75.2,52.82333333333333,94,97,106,1.0,0.2358490566037736,24,25
convoy,8,114,sjf,69.6,73.84,69.6,45.47666666666667,94,97,106,1.0,0.2358490566037736,24,25
convoy,8,114,srtf,14.8,19.04,12.96,6.567333333333334,38,46,106,1.0,0.2358490566037736,25,26
convoy,8,114,rr,27.12,31.36,25.28,18.534000000000002,45,46,106,1.0,0.2358490566037736,25,32
convoy,8,114,priority,72.64,76.88,72.64,48.97,94,97,106,1.0,0.2358490566037736,24,25
convoy,8,114,hrrn,69.6,73.84,69.6,45.47666666666667,94,97,106,1.0,0.2358490566037736,24,25
convoy,8,115,fcfs,83.12,87.88,83.12,42.31666666666667,110,112,119,1.0,0.21008403361344538,24,25
convoy,8,115,sjf,75.88,80.64,75.88,35.24,109,112,119,1.0,0.21008403361344538,24,25
convoy,8,115,srtf,21.76,26.52,19.4,7.592666666666666,53,59,119,1.0,0.21008403361344538,25,27
convoy,8,115,rr,35.56,40.32,33.2,17.742666666666665,59,60,119,1.0,0.21008403361344538,25,32
convoy,8,115,priority,80.92,85.68,80.92,40.85333333333333,111,112,119,1.0,0.21008403361344538,24,25
convoy,8,115,hrrn,75.88,80.64,75.88,35.24,109,112,119,1.0,0.21008403361344538,24,25
convoy,8,116,fcfs,81.44,86.12,81.44,45.05666666666667,107,108,117,1.0,0.21367521367521367,24,25
convoy,8,116,sjf,74.2,78.88,74.2,37.31666666666666,105,108,117,1.0,0.21367521367521367,24,25
convoy,8,116,srtf,19.84,24.52,17.56,6.871333333333333,49,57,117,1.0,0.21367521367521367,25,26
convoy,8,116,rr,33.8,38.48,31.52,18.227999999999998,56,57,117,1.0,0.21367521367521367,25,32
convoy,8,116,priority,82.4,87.08,82.4,45.95666666666667,107,111,117,1.0,0.21367521367521367,24,25
convoy,8,116,hrrn,74.2,78.88,74.2,37.31666666666666,105,108,117,1.0,0.21367521367521367,24,25
convoy,8,117,fcfs,82.96,87.84,82.96,43.76333333333333,112,116,122,1.0,0.20491803278688525,24,25
convoy,8,117,sjf,75.28,80.16,75.28,35.58,110,113,122,1.0,0.20491803278688525,24,25
convoy,8,117,srtf,21.32,26.2,18.84,6.814666666666667,54,62,122,1.0,0.20491803278688525,25,27
convoy,8,117,rr,35.52,40.4,33.04,18.151333333333334,62,64,122,1.0,0.20491803278688525,25,32
convoy,8,117,priority,84.36,89.24,84.36,45.61666666666667,114,115,122,1.0,0.20491803278688525,24,25
convoy,8,117,hrrn,75.28,80.16,75.28,35.58,110,113,122,1.0,0.20491803278688525,24,25
convoy,8,118,fcfs,80.84,85.44,80.84,45.78333333333333,105,108,115,1.0,0.21739130434782608,24,25
convoy,8,118,sjf,73.28,77.88,73.28,37.99666666666666,104,106,115,1.0,0.21739130434782608,24,25
convoy,8,118,srtf,19.08,23.68,16.88,7.123333333333334,47,55,115,1.0,0.21739130434782608,25,27
convoy,8,118,rr,33.12,37.72,30.92,18.26,55,56,115,1.0,0.21739130434782608,25,32
convoy,8,118,priority,82.44,87.04,82.44,47.96,106,108,115,1.0,0.21739130434782608,24,25
convoy,8,118,hrrn,73.28,77.88,73.28,37.99666666666666,104,106,115,1.0,0.21739130434782608,24,25
convoy,8,119,fcfs,87.12,92.08,87.12,43.32666666666667,116,117,124,1.0,0.20161290322580644,24,25
convoy,8,119,sjf,77.32,82.28,77.32,33.82666666666667,113,116,124,1.0,0.20161290322580644,24,25
convoy,8,119,srtf,23.36,28.32,20.8,7.302666666666666,57,64,124,1.0,0.20161290322580644,25,27
convoy,8,119,rr,39.76,44.72,37.2,19.796,64,65,124,1.0,0.20161290322580644,25,32
convoy,8,119,priority,84.16,89.12,84.16,40.14333333333334,116,118,124,1.0,0.20161290322580644,24,25
convoy,8,119,hrrn,77.32,82.28,77.32,33.82666666666667,113,116,124,1.0,0.20161290322580644,24,25
